RushingStatsID,PlayerID,PositionID,TeamID,GameID,Att,Yds,Lng,TD,RunShort,RunFive,RunFifteen,RunThirtyPlus,RZInsideTwenty,RZInsideTen,RZInsideFive,RZTD,RZTotal
1,6,1,1,1,3,7,3,0,3,0,0,0,0,0,0,0,0
2,6,1,1,2,5,3,3,0,3,0,0,0,1,0,2,0,3
3,6,1,1,3,4,6,7,0,2,1,0,0,0,0,1,0,1
4,6,1,1,4,1,3,3,0,1,0,0,0,0,0,0,0,0
5,6,1,1,7,1,4,4,0,1,0,0,0,0,0,0,0,0
6,6,1,1,8,2,12,13,0,0,1,0,0,0,0,0,0,0
7,6,1,1,9,1,2,2,0,2,0,0,0,0,0,0,0,0
8,6,1,1,10,3,-2,0,0,0,0,0,0,0,0,0,0,0
9,6,1,1,11,2,2,3,0,1,0,0,0,0,0,0,0,0
10,6,1,1,12,2,3,2,1,2,0,0,0,0,0,1,1,1
11,7,2,1,1,11,70,13,1,5,7,0,0,1,0,0,1,1
12,7,2,1,2,8,56,41,0,6,1,0,1,0,0,2,0,2
13,7,2,1,3,11,63,22,0,5,4,2,0,2,0,0,0,2
14,7,2,1,4,14,66,21,1,9,4,0,0,3,0,0,1,3
15,7,2,1,5,6,42,29,1,4,1,1,0,1,0,0,1,1
16,7,2,1,6,14,111,52,0,8,5,0,1,2,1,0,0,3
17,7,2,1,7,23,95,21,0,16,6,1,0,0,1,0,0,1
18,7,2,1,8,17,68,12,0,12,8,0,0,0,2,1,0,3
19,7,2,1,9,9,38,12,0,5,4,0,0,0,0,1,0,1
20,7,2,1,10,20,112,37,2,12,7,0,1,1,1,1,2,3
21,7,2,1,11,22,182,38,2,13,5,2,2,4,1,0,2,5
22,7,2,1,12,24,106,23,0,16,6,2,0,7,1,2,0,10
23,9,3,1,2,1,2,2,0,1,0,0,0,0,1,0,0,1
24,9,3,1,11,1,3,3,0,0,0,0,0,0,0,0,0,0
25,10,2,1,1,6,17,6,0,6,2,0,0,0,0,0,0,0
26,10,2,1,2,22,96,17,0,15,6,1,0,3,0,4,0,7
27,10,2,1,5,4,30,13,0,2,2,0,0,1,0,0,0,1
28,10,2,1,6,15,32,6,1,13,2,0,0,2,1,1,1,4
29,10,2,1,7,8,21,11,1,6,2,0,0,2,0,1,1,3
30,10,2,1,9,1,2,2,0,1,0,0,0,0,0,0,0,0
31,10,2,1,10,8,31,10,0,5,3,0,0,0,0,0,0,0
32,10,2,1,11,7,28,26,0,6,0,1,0,0,0,0,0,0
33,10,2,1,12,6,16,6,0,4,2,0,0,1,0,0,0,1
34,14,2,1,3,18,91,31,1,11,6,0,1,3,0,2,1,5
35,14,2,1,4,15,58,23,1,12,2,1,0,3,0,1,1,4
36,14,2,1,5,5,18,9,0,4,1,0,0,1,0,1,0,2
37,14,2,1,6,2,29,25,0,1,0,1,0,0,0,0,0,0
38,14,2,1,7,4,3,3,0,3,1,0,0,0,0,0,0,0
39,14,2,1,8,7,27,10,2,5,2,0,0,0,2,1,2,3
40,14,2,1,9,7,21,6,0,6,2,1,0,0,0,1,0,1
41,14,2,1,10,3,10,4,0,3,0,0,0,0,0,0,0,0
42,15,1,1,6,4,-3,0,0,0,0,0,0,0,0,0,0,0
43,17,2,2,13,4,27,13,0,2,2,0,0,0,0,0,0,0
44,17,2,2,14,5,31,13,0,3,2,0,0,0,0,0,0,0
45,17,2,2,15,2,-3,-1,0,2,0,0,0,0,0,0,0,0
46,17,2,2,18,2,9,5,0,1,1,0,0,1,0,0,0,1
47,17,2,2,19,1,0,0,0,1,0,0,0,0,0,0,0,0
48,17,2,2,20,3,18,8,0,1,2,0,0,0,0,0,0,0
49,17,2,2,21,13,90,17,0,6,4,3,0,0,1,0,0,1
50,17,2,2,22,9,29,9,0,7,2,0,0,0,0,0,0,0
51,17,2,2,23,27,167,26,1,17,7,3,0,2,2,0,1,4
52,17,2,2,24,32,168,20,0,18,11,3,0,3,1,0,0,4
53,18,2,2,13,23,67,15,1,18,4,1,0,2,1,2,1,5
54,18,2,2,14,12,60,23,0,8,2,2,0,1,1,2,0,4
55,18,2,2,15,14,38,10,0,8,7,0,0,1,1,0,0,2
56,18,2,2,16,6,7,5,0,5,1,0,0,0,0,0,0,0
57,22,2,2,15,2,2,2,0,2,0,0,0,0,0,0,0,0
58,22,2,2,16,15,64,16,0,10,4,1,0,1,0,0,0,1
59,22,2,2,17,24,100,26,0,19,4,2,0,0,2,1,0,3
60,22,2,2,18,14,74,37,2,11,2,0,1,2,0,2,1,4
61,22,2,2,19,20,109,37,0,12,7,0,1,0,1,0,0,1
62,22,2,2,20,10,16,4,1,9,0,0,0,1,1,0,0,2
63,22,2,2,21,6,13,6,0,4,2,0,0,1,0,0,0,1
64,24,1,2,13,4,-3,0,0,0,0,0,0,0,0,0,0,0
65,24,1,2,14,1,-1,-1,0,0,0,0,0,0,0,0,0,0
66,24,1,2,15,1,-1,-1,0,0,0,0,0,0,0,0,0,0
67,24,1,2,16,2,-2,-1,0,0,0,0,0,0,0,0,0,0
68,24,1,2,17,1,0,0,0,0,0,0,0,0,0,0,0,0
69,24,1,2,18,1,-1,-1,0,0,0,0,0,0,0,0,0,0
70,24,1,2,19,1,0,0,0,0,0,0,0,0,0,0,0,0
71,24,1,2,20,2,3,4,0,1,0,0,0,0,0,0,0,0
72,24,1,2,22,1,-1,-1,0,0,0,0,0,0,0,0,0,0
73,24,1,2,23,2,-2,-1,0,0,0,0,0,0,0,0,0,0
74,24,1,2,24,2,-6,-1,0,0,1,0,0,0,0,0,0,0
75,27,1,2,18,3,0,2,0,1,0,0,0,0,0,0,0,0
76,27,1,2,21,3,2,4,0,0,0,0,0,0,0,0,0,0
77,28,3,2,13,1,11,11,0,0,1,0,0,0,0,0,0,0
78,28,3,2,14,1,-2,-2,0,1,0,0,0,0,0,0,0,0
79,28,3,2,16,2,8,5,0,1,1,0,0,0,0,0,0,0
80,28,3,2,19,1,6,6,0,0,1,0,0,0,0,0,0,0
81,28,3,2,21,1,5,5,0,0,1,0,0,0,0,0,0,0
82,28,3,2,23,1,3,3,0,1,0,0,0,0,0,0,0,0
83,32,2,2,16,3,15,8,1,1,2,0,0,0,1,0,1,1
84,32,2,2,17,8,38,16,0,6,1,1,0,2,0,0,0,2
85,32,2,2,18,6,30,9,0,3,3,0,0,1,0,0,0,1
86,32,2,2,19,7,24,5,2,4,3,0,0,1,0,2,2,3
87,32,2,2,20,2,6,6,0,1,1,0,0,0,0,0,0,0
88,32,2,2,21,4,8,5,0,4,1,0,0,0,0,0,0,0
89,32,2,2,23,5,33,21,0,3,1,1,0,0,1,0,0,1
90,32,2,2,24,10,39,17,0,6,3,1,0,1,0,0,0,1
91,37,1,3,25,1,-1,-1,0,0,1,0,0,0,0,0,0,0
92,37,1,3,26,4,58,41,0,2,0,0,1,0,0,0,0,0
93,37,1,3,28,2,9,8,0,1,1,0,0,0,0,0,0,0
94,37,1,3,29,1,2,2,0,1,0,0,0,0,0,0,0,0
95,37,1,3,30,2,2,3,0,1,0,0,0,0,0,0,0,0
96,37,1,3,31,1,2,2,0,1,0,0,0,0,0,0,0,0
97,37,1,3,32,2,9,7,0,0,1,0,0,0,0,0,0,0
98,37,1,3,33,2,0,0,0,0,0,0,0,0,0,0,0,0
99,37,1,3,34,3,2,2,0,2,0,0,0,1,0,0,0,1
100,37,1,3,35,1,1,1,0,1,0,0,0,0,0,0,0,0
101,42,2,3,21,3,10,6,0,2,1,0,0,0,0,0,0,0
102,42,2,3,25,9,11,12,0,7,3,0,0,2,0,0,0,2
103,42,2,3,28,2,1,1,0,2,0,0,0,0,0,0,0,0
104,42,2,3,29,4,30,10,0,1,3,0,0,0,0,0,0,0
105,42,2,3,30,3,6,3,0,3,0,0,0,0,0,0,0,0
106,42,2,3,31,6,8,4,0,6,0,0,0,0,0,0,0,0
107,42,2,3,32,2,-2,0,0,2,0,0,0,0,0,0,0,0
108,42,2,3,33,4,6,2,0,4,0,0,0,0,0,0,0,0
109,42,2,3,34,3,-1,1,0,3,0,0,0,0,0,0,0,0
110,42,2,3,35,5,21,13,0,4,1,0,0,0,0,0,0,0
111,45,2,3,21,7,14,6,0,5,1,0,0,0,0,0,0,0
112,45,2,3,25,4,15,6,0,3,1,0,0,0,0,0,0,0
113,45,2,3,26,12,37,10,1,9,3,0,0,0,0,1,1,1
114,45,2,3,27,18,59,10,0,15,3,0,0,0,1,0,0,1
115,45,2,3,28,11,40,12,0,8,3,0,0,1,0,1,0,2
116,45,2,3,29,14,80,17,0,7,6,1,0,2,1,0,0,3
117,45,2,3,30,14,48,15,1,12,1,1,0,1,0,3,1,4
118,45,2,3,31,12,59,15,0,6,6,1,0,0,0,0,0,0
119,45,2,3,32,13,20,9,0,12,1,0,0,0,1,0,0,1
120,45,2,3,33,8,21,5,0,6,2,0,0,0,0,0,0,0
121,45,2,3,34,12,29,7,0,7,5,0,0,0,0,0,0,0
122,45,2,3,35,11,27,7,0,9,2,0,0,0,0,0,0,0
123,46,1,3,28,2,3,3,0,1,0,0,0,0,0,0,0,0
124,47,3,3,21,1,1,1,0,1,0,0,0,0,1,0,0,1
125,48,2,3,21,2,4,3,0,2,0,0,0,0,0,0,0,0
126,48,2,3,26,1,6,6,0,0,1,0,0,0,0,0,0,0
127,48,2,3,27,3,1,1,0,3,0,0,0,0,0,0,0,0
128,48,2,3,33,4,43,23,0,1,2,1,0,0,1,0,0,1
129,48,2,3,34,4,112,90,2,0,4,0,1,1,0,0,1,1
130,49,4,3,21,1,3,3,0,1,0,0,0,0,0,0,0,0
131,49,4,3,25,1,0,0,0,1,0,0,0,0,0,0,0,0
132,49,4,3,27,1,7,7,0,0,1,0,0,0,0,0,0,0
133,49,4,3,29,1,2,2,0,1,0,0,0,0,0,0,0,0
134,49,4,3,32,1,10,10,0,0,1,0,0,0,0,0,0,0
135,49,4,3,33,1,1,1,0,1,0,0,0,0,0,0,0,0
136,49,4,3,34,8,37,9,0,5,3,0,0,2,0,0,0,2
137,49,4,3,35,4,12,8,0,3,2,0,0,0,0,0,0,0
138,54,3,3,21,1,-2,-2,0,1,0,0,0,0,0,0,0,0
139,54,3,3,31,1,7,7,0,0,1,0,0,0,0,0,0,0
140,55,1,4,44,3,0,0,0,0,0,0,0,0,0,0,0,0
141,56,4,4,41,5,10,4,0,5,0,0,0,0,0,0,0,0
142,61,1,4,37,4,22,7,0,1,3,0,0,0,0,0,0,0
143,61,1,4,38,4,12,9,0,0,2,0,0,0,0,0,0,0
144,61,1,4,39,1,1,1,0,1,0,0,0,0,0,0,0,0
145,61,1,4,40,2,13,14,0,0,2,0,0,0,0,0,0,0
146,61,1,4,41,2,5,4,0,2,0,0,0,0,0,0,0,0
147,61,1,4,42,2,14,11,0,1,1,0,0,0,0,0,0,0
148,61,1,4,43,1,1,1,0,1,0,0,0,0,0,0,0,0
149,62,3,4,47,1,7,7,0,0,1,0,0,0,0,0,0,0
150,66,2,4,36,21,74,19,0,12,7,1,0,1,0,0,0,1
151,66,2,4,37,20,79,21,1,14,4,2,0,3,3,2,1,8
152,66,2,4,38,19,22,9,0,16,3,0,0,1,1,0,0,2
153,66,2,4,39,10,17,5,0,7,3,0,0,0,1,0,0,1
154,66,2,4,40,24,81,19,0,17,6,0,0,1,1,0,0,2
155,66,2,4,41,22,149,28,0,13,4,4,0,3,0,0,0,3
156,66,2,4,42,21,83,13,0,9,12,0,0,1,0,1,0,2
157,66,2,4,43,24,117,26,0,14,9,1,0,2,2,0,0,4
158,66,2,4,44,12,19,6,1,10,2,0,0,0,1,1,1,2
159,66,2,4,45,23,88,13,0,16,7,0,0,2,0,0,0,2
160,66,2,4,46,21,130,53,1,14,3,1,1,6,1,1,1,8
161,66,2,4,47,25,159,38,1,15,9,1,2,4,1,2,0,7
162,68,2,4,42,3,13,6,0,2,1,0,0,1,0,1,0,2
163,68,2,4,43,8,50,22,1,4,3,1,0,0,1,1,1,2
164,68,2,4,44,5,11,6,0,4,1,0,0,0,0,0,0,0
165,68,2,4,45,3,0,3,0,3,0,0,0,0,0,3,0,3
166,68,2,4,46,7,5,4,0,7,0,0,0,1,1,0,0,2
167,68,2,4,47,11,49,12,0,6,5,0,0,2,0,0,0,2
168,69,1,4,43,5,5,3,0,3,0,0,0,0,0,0,0,0
169,69,1,4,44,2,-1,0,0,0,0,0,0,0,0,0,0,0
170,69,1,4,45,3,0,0,0,0,0,0,0,0,0,0,0,0
171,69,1,4,46,4,4,6,0,0,1,0,0,0,0,0,0,0
172,69,1,4,47,7,28,13,1,2,3,0,0,0,1,1,1,2
173,71,2,4,36,11,71,49,1,7,3,0,1,1,1,0,0,2
174,71,2,4,37,4,26,19,1,3,0,1,0,1,0,0,1,1
175,71,2,4,38,2,20,18,0,1,0,2,0,0,0,0,0,0
176,71,2,4,39,1,4,4,0,1,0,0,0,0,0,0,0,0
177,71,2,4,40,7,51,25,0,4,2,1,0,0,0,0,0,0
178,71,2,4,41,7,39,15,1,2,3,1,0,1,0,0,1,1
179,71,2,4,43,3,17,7,0,0,3,0,0,0,0,0,0,0
180,71,2,4,44,1,8,8,1,0,1,0,0,0,1,0,1,1
181,71,2,4,45,2,21,13,0,0,2,0,0,0,0,0,0,0
182,71,2,4,46,6,25,13,1,5,1,0,0,0,0,1,1,1
183,71,2,4,47,1,13,13,0,0,1,0,0,0,0,0,0,0
184,75,2,5,47,2,15,14,0,1,1,0,0,0,0,0,0,0
185,75,2,5,49,11,27,7,0,8,3,0,0,1,0,0,0,1
186,75,2,5,53,1,-4,-4,0,1,0,0,0,0,0,0,0,0
187,75,2,5,54,3,16,13,0,2,1,0,0,0,0,0,0,0
188,75,2,5,55,1,6,6,0,0,1,0,0,0,0,0,0,0
189,75,2,5,56,3,9,6,0,2,1,0,0,0,0,0,0,0
190,78,3,5,48,1,9,9,0,0,1,0,0,0,0,0,0,0
191,78,3,5,51,1,-1,-1,0,1,0,0,0,0,0,0,0,0
192,78,3,5,57,1,-2,-2,0,1,0,0,0,0,0,0,0,0
193,79,2,5,47,20,73,9,1,12,7,0,0,0,0,3,1,3
194,79,2,5,48,22,118,15,1,11,10,2,0,0,0,1,1,1
195,79,2,5,49,29,167,22,1,13,16,2,0,1,0,1,1,2
196,79,2,5,50,24,100,44,1,16,6,1,1,2,0,1,1,3
197,79,2,5,51,24,149,28,2,13,7,4,0,2,0,1,1,3
198,79,2,5,52,31,136,17,0,15,16,1,0,4,1,0,0,5
199,79,2,5,53,29,115,25,1,23,4,2,0,4,1,2,1,7
200,79,2,5,54,28,128,21,1,19,5,4,0,1,0,1,1,2
201,79,2,5,55,19,141,51,0,10,8,0,1,0,1,0,0,1
202,79,2,5,56,19,79,17,0,11,7,1,0,2,0,0,0,2
203,79,2,5,57,19,100,23,0,11,6,2,0,0,1,0,0,1
204,79,2,5,58,24,121,18,0,15,8,1,0,0,1,0,0,1
205,81,2,5,47,2,6,3,0,2,0,0,0,0,0,0,0,0
206,81,2,5,49,3,26,11,0,1,2,0,0,0,0,0,0,0
207,81,2,5,50,2,9,7,0,1,1,0,0,1,0,0,0,1
208,81,2,5,51,4,22,14,0,3,1,0,0,0,0,0,0,0
209,81,2,5,52,2,4,2,0,2,0,0,0,0,0,0,0,0
210,81,2,5,53,5,52,38,0,2,2,0,1,0,0,0,0,0
211,81,2,5,54,2,7,4,0,2,0,0,0,0,0,0,0,0
212,81,2,5,55,3,23,12,0,1,4,0,0,0,0,0,0,0
213,81,2,5,56,1,2,2,0,1,0,0,0,0,0,0,0,0
214,81,2,5,57,7,56,40,1,5,1,0,1,0,0,0,0,0
215,82,1,5,47,1,-1,-1,0,0,0,0,0,0,0,0,0,0
216,82,1,5,50,3,14,16,0,0,0,1,0,0,0,0,0,0
217,82,1,5,51,6,20,21,0,1,0,1,0,0,0,0,0,0
218,82,1,5,53,2,-1,0,0,0,0,0,0,0,0,0,0,0
219,82,1,5,54,2,5,6,0,0,1,0,0,0,0,0,0,0
220,82,1,5,55,1,1,1,0,0,0,0,0,0,0,0,0,0
221,82,1,5,58,1,-2,-2,0,0,0,0,0,0,0,0,0,0
222,85,1,5,55,1,0,0,0,0,0,0,0,0,0,0,0,0
223,85,1,5,56,2,2,1,0,2,0,0,0,0,0,0,0,0
224,85,1,5,57,3,-3,-1,0,0,0,0,0,0,0,0,0,0
225,89,1,6,57,3,3,1,0,3,0,0,0,0,0,0,0,0
226,89,1,6,60,2,30,20,0,0,1,1,0,0,0,0,0,0
227,89,1,6,61,5,24,8,0,2,3,0,0,0,0,0,0,0
228,89,1,6,62,4,14,11,0,1,1,0,0,0,0,0,0,0
229,89,1,6,63,5,38,11,0,1,4,0,0,0,0,0,0,0
230,89,1,6,64,5,37,18,0,0,2,0,0,0,0,0,0,0
231,89,1,6,65,6,48,32,0,4,2,0,0,0,0,0,0,0
232,89,1,6,66,4,10,5,0,3,1,0,0,0,0,0,0,0
233,89,1,6,67,5,24,20,0,3,0,1,0,0,0,0,0,0
234,89,1,6,68,5,68,29,0,0,2,2,0,0,0,0,0,0
235,92,2,6,36,18,42,11,0,15,3,0,0,1,0,0,0,1
236,92,2,6,57,4,2,2,0,4,0,0,0,0,0,1,0,1
237,92,2,6,59,7,8,3,0,7,0,0,0,0,0,0,0,0
238,92,2,6,60,9,32,13,0,7,2,0,0,1,0,0,0,1
239,92,2,6,61,10,32,10,1,8,4,0,0,0,0,3,1,3
240,92,2,6,62,4,9,3,0,4,0,0,0,1,0,0,0,1
241,92,2,6,65,4,10,4,0,4,0,0,0,0,0,0,0,0
242,92,2,6,66,3,19,12,0,2,1,0,0,1,0,0,0,1
243,92,2,6,67,4,31,23,0,2,1,1,0,0,0,0,0,0
244,92,2,6,68,5,7,4,0,5,0,0,0,0,0,0,0,0
245,94,1,6,36,1,8,8,0,0,1,0,0,0,0,0,0,0
246,94,1,6,59,3,17,12,0,2,1,0,0,1,0,0,0,1
247,98,2,6,62,4,27,20,0,2,1,1,0,0,0,0,0,0
248,98,2,6,63,10,21,7,1,8,2,0,0,0,1,1,1,2
249,98,2,6,64,6,16,5,1,5,1,0,0,2,0,1,1,3
250,99,3,6,64,2,5,5,0,1,1,0,0,0,0,0,0,0
251,103,3,6,36,3,8,6,0,2,1,0,0,0,0,0,0,0
252,103,3,6,57,15,60,32,2,15,1,0,1,0,0,1,1,1
253,103,3,6,60,8,33,10,0,4,4,0,0,0,0,0,0,0
254,103,3,6,61,9,25,10,0,6,3,0,0,1,0,0,0,1
255,103,3,6,62,3,6,6,0,2,1,0,0,0,0,0,0,0
256,103,3,6,63,5,22,6,0,3,2,0,0,0,0,0,0,0
257,103,3,6,64,22,127,20,1,12,9,1,0,1,1,0,1,2
258,103,3,6,65,18,108,41,0,12,5,0,1,1,0,0,0,1
259,103,3,6,66,17,94,39,1,15,2,1,1,2,1,1,1,4
260,103,3,6,67,14,25,9,0,13,2,0,0,1,1,1,0,3
261,103,3,6,68,11,44,17,0,8,1,2,0,0,1,0,0,1
262,109,2,6,36,3,6,5,0,2,1,0,0,0,0,0,0,0
263,109,2,6,57,2,6,3,0,2,0,0,0,1,0,0,0,1
264,109,2,6,60,1,10,10,0,0,1,0,0,0,0,0,0,0
265,109,2,6,61,1,4,4,0,1,0,0,0,0,0,0,0,0
266,109,2,6,63,3,1,2,0,3,0,0,0,0,0,0,0,0
267,109,2,6,65,2,10,8,0,1,1,0,0,0,0,0,0,0
268,109,2,6,66,1,9,9,0,0,1,0,0,0,0,0,0,0
269,109,2,6,68,1,-1,-1,0,1,0,0,0,0,0,0,0,0
270,113,2,7,5,15,68,20,0,10,5,1,0,1,2,0,0,3
271,113,2,7,13,3,15,9,0,2,1,0,0,0,0,0,0,0
272,113,2,7,37,13,70,29,0,7,5,0,0,1,0,0,0,1
273,113,2,7,60,9,65,28,0,3,5,1,0,1,1,1,0,3
274,113,2,7,69,9,32,6,0,6,3,0,0,0,1,0,0,1
275,113,2,7,70,11,34,13,0,8,3,0,0,1,0,0,0,1
276,113,2,7,71,10,52,15,1,5,6,1,0,2,0,2,1,4
277,113,2,7,72,6,35,12,1,2,4,0,0,1,0,0,1,1
278,113,2,7,73,7,50,17,0,2,4,1,0,1,0,0,0,1
279,113,2,7,74,7,4,5,0,6,1,0,0,1,1,0,0,2
280,117,1,7,60,1,-1,-1,0,0,0,0,0,0,0,0,0,0
281,117,1,7,69,3,-2,0,0,0,0,0,0,0,0,0,0,0
282,118,2,7,60,1,1,1,0,1,0,0,0,0,0,0,0,0
283,118,2,7,67,12,65,18,0,9,5,1,0,1,2,0,0,3
284,118,2,7,69,7,24,7,0,4,3,0,0,0,0,0,0,0
285,118,2,7,71,5,37,13,0,2,3,0,0,0,0,0,0,0
286,118,2,7,72,1,2,2,0,1,0,0,0,1,0,0,0,1
287,118,2,7,73,8,10,5,0,7,1,0,0,0,0,0,0,0
288,118,2,7,75,8,88,49,1,2,5,0,1,0,0,0,0,0
289,119,3,7,67,1,15,15,0,0,0,1,0,0,0,0,0,0
290,119,3,7,69,1,5,5,0,0,1,0,0,0,0,0,0,0
291,120,1,7,5,6,22,13,1,1,2,0,0,2,0,0,1,2
292,120,1,7,13,5,19,9,1,2,4,0,0,0,2,1,1,3
293,120,1,7,37,4,20,15,0,1,0,0,0,0,0,0,0,0
294,120,1,7,60,3,15,10,0,2,1,0,0,0,1,0,0,1
295,120,1,7,67,8,49,20,0,2,0,1,0,1,0,0,0,1
296,120,1,7,69,1,-1,-1,0,0,0,0,0,0,0,0,0,0
297,120,1,7,70,7,18,10,0,0,3,0,0,0,0,0,0,0
298,120,1,7,71,4,5,2,0,3,0,0,0,1,1,0,0,2
299,120,1,7,72,3,26,14,0,0,2,0,0,0,0,0,0,0
300,120,1,7,73,2,5,5,0,0,1,0,0,0,0,0,0,0
301,120,1,7,74,3,15,7,0,2,1,0,0,1,0,0,0,1
302,120,1,7,75,4,20,15,0,0,1,0,0,0,0,0,0,0
303,122,3,7,60,1,7,7,0,0,1,0,0,0,0,0,0,0
304,122,3,7,67,1,4,4,0,1,0,0,0,1,0,0,0,1
305,122,3,7,71,1,0,0,0,1,0,0,0,0,0,0,0,0
306,122,3,7,75,1,6,6,0,0,1,0,0,0,0,0,0,0
307,124,2,7,5,9,37,14,0,5,4,0,0,2,0,0,0,2
308,124,2,7,13,6,20,7,0,4,2,0,0,0,1,0,0,1
309,124,2,7,37,21,79,15,0,15,6,2,0,0,1,2,0,3
310,124,2,7,60,14,57,27,0,10,3,1,0,2,1,2,0,5
311,124,2,7,67,13,42,12,1,9,2,0,0,1,0,0,0,1
312,124,2,7,69,20,47,10,1,18,2,0,0,2,0,1,1,3
313,124,2,7,70,17,41,9,1,12,5,0,0,0,1,2,1,3
314,124,2,7,71,14,77,11,0,4,10,0,0,0,0,0,0,0
315,124,2,7,73,7,33,9,0,4,3,0,0,0,0,1,0,1
316,124,2,7,74,6,0,2,0,7,0,0,0,0,0,0,0,0
317,124,2,7,75,8,12,3,0,8,0,0,0,0,0,0,0,0
318,129,1,8,38,3,5,3,0,2,0,0,0,0,0,0,0,0
319,129,1,8,59,1,-1,-1,0,0,0,0,0,0,0,0,0,0
320,129,1,8,77,1,12,12,0,0,1,0,0,0,0,0,0,0
321,129,1,8,78,2,4,4,0,2,0,0,0,0,1,0,0,1
322,133,1,8,59,2,22,12,0,0,2,0,0,0,0,0,0,0
323,133,1,8,76,3,2,1,0,1,0,0,0,0,0,0,0,0
324,133,1,8,81,7,24,14,0,4,2,0,0,1,1,1,0,3
325,133,1,8,82,6,41,10,0,1,5,0,0,0,0,0,0,0
326,133,1,8,83,4,11,8,0,2,2,0,0,0,0,0,0,0
327,135,2,8,38,1,1,1,1,1,0,0,0,0,0,1,1,1
328,135,2,8,55,5,29,18,0,3,1,1,0,0,0,0,0,0
329,135,2,8,59,8,25,9,0,5,3,0,0,2,0,0,0,2
330,135,2,8,75,1,5,5,0,0,1,0,0,0,0,0,0,0
331,135,2,8,76,4,46,16,0,0,2,2,0,0,0,0,0,0
332,135,2,8,77,2,8,6,0,1,1,0,0,0,0,0,0,0
333,135,2,8,78,2,-1,4,0,1,1,0,0,0,0,0,0,0
334,135,2,8,79,3,26,16,0,1,0,1,0,0,0,0,0,0
335,135,2,8,80,5,29,15,0,3,1,1,0,0,0,0,0,0
336,135,2,8,81,3,6,5,0,2,1,0,0,1,0,0,0,1
337,136,3,8,76,1,-9,-9,0,0,1,0,0,0,0,0,0,0
338,136,3,8,79,1,5,5,0,0,1,0,0,0,0,0,0,0
339,136,3,8,82,1,2,2,0,1,0,0,0,0,0,0,0,0
340,137,1,8,55,7,16,7,1,4,2,0,0,0,1,0,1,1
341,137,1,8,75,3,12,11,0,1,0,0,0,0,0,0,0,0
342,137,1,8,80,2,3,4,0,1,0,0,0,1,0,0,0,1
343,138,2,8,38,23,77,12,0,16,8,0,0,3,1,1,0,5
344,138,2,8,55,18,73,29,1,12,5,1,0,0,1,1,1,2
345,138,2,8,59,22,85,23,2,17,3,2,0,3,1,5,2,9
346,138,2,8,75,17,67,21,0,11,5,1,0,4,0,2,0,6
347,138,2,8,76,14,91,21,0,6,6,2,0,1,0,0,0,1
348,138,2,8,77,12,63,20,1,8,2,2,0,1,1,0,1,2
349,138,2,8,78,13,29,11,0,10,4,0,0,1,0,0,0,1
350,138,2,8,79,13,41,9,0,10,3,0,0,1,0,0,0,1
351,138,2,8,80,18,54,14,0,12,6,0,0,3,1,0,0,4
352,138,2,8,81,19,92,14,2,10,9,0,0,2,1,1,2,4
353,138,2,8,82,20,96,19,0,12,7,1,0,1,1,0,0,2
354,138,2,8,83,21,125,30,1,12,4,2,1,3,0,1,1,4
355,142,2,8,55,1,5,5,0,0,1,0,0,0,0,0,0,0
356,142,2,8,59,8,41,14,1,5,3,0,0,5,0,0,1,5
357,142,2,8,82,4,16,14,0,3,1,0,0,0,0,0,0,0
358,145,3,8,59,1,19,19,0,0,0,1,0,0,0,0,0,0
359,145,3,8,77,1,2,2,0,1,0,0,0,0,0,0,0,0
360,150,2,9,12,1,-2,-2,0,1,0,0,0,2,0,0,0,2
361,150,2,9,33,1,0,0,0,1,0,0,0,0,0,0,0,0
362,150,2,9,61,10,19,5,0,9,1,0,0,2,0,0,0,2
363,150,2,9,84,2,-2,2,0,2,0,0,0,0,0,0,0,0
364,150,2,9,85,7,21,16,0,6,0,1,0,1,0,0,0,1
365,150,2,9,86,31,62,14,0,27,4,0,0,0,3,1,0,4
366,150,2,9,87,9,26,13,0,5,4,0,0,2,1,0,0,3
367,150,2,9,89,4,23,16,0,3,0,1,0,0,0,0,0,0
368,150,2,9,90,1,7,7,0,0,1,0,0,0,0,0,0,0
369,151,2,9,19,1,8,8,0,0,1,0,0,0,0,0,0,0
370,151,2,9,29,2,2,1,0,2,0,0,0,0,1,0,0,1
371,151,2,9,88,1,2,2,0,1,0,0,0,0,0,0,0,0
372,151,2,9,89,1,5,5,0,0,1,0,0,0,0,0,0,0
373,160,2,9,12,12,40,14,1,10,2,0,0,1,0,0,1,1
374,160,2,9,33,16,70,20,0,9,6,1,0,1,0,0,0,1
375,160,2,9,84,12,40,20,1,9,2,1,0,3,0,0,1,3
376,160,2,9,85,11,31,6,0,6,7,0,0,0,1,1,0,2
377,160,2,9,90,12,105,32,1,6,3,2,1,1,1,0,0,2
378,162,2,9,12,1,7,7,0,0,1,0,0,0,0,0,0,0
379,162,2,9,19,13,36,23,0,10,2,1,0,1,0,0,0,1
380,162,2,9,29,26,101,12,1,16,10,0,0,3,3,1,1,7
381,162,2,9,33,13,36,8,0,10,3,0,0,1,1,1,0,3
382,162,2,9,61,9,23,7,0,7,2,0,0,0,0,0,0,0
383,162,2,9,86,3,11,6,0,1,2,0,0,0,0,0,0,0
384,162,2,9,87,19,114,52,1,15,2,1,1,2,1,0,1,3
385,162,2,9,88,15,67,13,0,9,6,0,0,1,1,0,0,2
386,162,2,9,89,13,19,11,0,11,2,0,0,0,0,0,0,0
387,162,2,9,90,6,17,7,0,4,2,0,0,0,1,0,0,1
388,164,1,9,12,4,19,9,0,1,2,0,0,1,0,0,0,1
389,164,1,9,19,1,17,17,0,0,0,1,0,0,0,0,0,0
390,164,1,9,29,5,13,9,0,0,1,0,0,0,0,0,0,0
391,164,1,9,33,1,-1,-1,0,1,0,0,0,0,0,0,0,0
392,164,1,9,61,1,0,0,0,0,0,0,0,0,0,0,0,0
393,164,1,9,84,2,10,10,0,0,1,0,0,0,0,0,0,0
394,164,1,9,85,11,17,12,0,5,0,0,0,0,2,0,0,2
395,164,1,9,86,1,9,9,0,0,1,0,0,0,0,0,0,0
396,164,1,9,87,2,3,4,0,1,0,0,0,0,0,0,0,0
397,164,1,9,89,1,3,3,0,1,0,0,0,0,0,0,0,0
398,164,1,9,90,3,-1,0,0,0,0,0,0,0,0,0,0,0
399,165,3,9,33,1,15,15,0,0,0,1,0,0,0,0,0,0
400,165,3,9,84,2,-1,2,0,2,0,0,0,1,0,0,0,1
401,166,2,9,84,6,5,5,0,5,1,0,0,0,0,1,0,1
402,166,2,9,85,8,32,13,0,5,3,0,0,1,0,0,0,1
403,166,2,9,86,1,1,1,0,1,0,0,0,0,0,0,0,0
404,171,2,10,14,2,4,2,0,2,0,0,0,0,0,0,0,0
405,171,2,10,24,10,35,11,0,7,3,0,0,0,0,0,0,0
406,171,2,10,34,19,80,11,0,10,10,0,0,1,0,0,0,1
407,171,2,10,88,22,95,16,1,14,7,1,0,3,0,0,1,3
408,171,2,10,91,7,19,6,0,5,2,0,0,1,1,0,0,2
409,171,2,10,93,18,92,17,1,10,7,1,0,0,2,1,1,3
410,171,2,10,94,15,80,26,0,12,5,1,0,0,0,1,0,1
411,171,2,10,95,14,67,36,2,9,5,0,1,0,0,1,1,1
412,171,2,10,96,20,78,11,1,15,5,0,0,2,0,3,1,5
413,171,2,10,97,15,98,39,1,10,2,2,1,0,0,0,0,0
414,171,2,10,98,20,159,47,2,13,6,2,1,3,0,2,2,5
415,173,2,10,14,22,79,25,2,16,3,2,0,2,2,4,2,8
416,173,2,10,34,2,2,3,0,2,0,0,0,0,0,0,0,0
417,173,2,10,88,10,25,12,0,7,3,0,0,1,0,0,0,1
418,173,2,10,91,1,3,3,0,1,0,0,0,0,0,0,0,0
419,173,2,10,92,32,132,21,1,25,6,3,0,2,0,1,0,3
420,173,2,10,93,16,107,48,0,10,4,1,1,1,0,0,0,1
421,173,2,10,94,2,6,3,0,2,0,0,0,0,0,0,0,0
422,173,2,10,95,16,49,15,1,12,3,1,0,2,1,1,1,4
423,173,2,10,96,3,9,4,0,3,0,0,0,1,0,0,0,1
424,173,2,10,97,4,1,4,0,3,2,0,0,0,0,0,0,0
425,173,2,10,98,5,10,4,1,5,0,0,0,0,1,2,1,3
426,175,2,10,14,2,8,6,0,1,0,0,0,0,0,0,0,0
427,175,2,10,91,2,5,4,0,2,0,0,0,0,0,0,0,0
428,175,2,10,92,4,18,6,1,2,2,0,0,1,2,0,1,3
429,179,3,10,92,1,0,0,0,0,0,0,0,0,0,0,0,0
430,179,3,10,94,1,-2,-2,0,1,0,0,0,0,0,0,0,0
431,181,2,10,92,1,3,3,0,1,0,0,0,0,0,0,0,0
432,184,2,10,91,1,4,4,0,1,0,0,0,0,0,0,0,0
433,184,2,10,92,1,4,4,0,1,0,0,0,0,1,0,0,1
434,185,1,10,14,5,42,25,0,2,1,1,0,0,0,0,0,0
435,185,1,10,24,5,6,5,0,2,1,0,0,0,0,0,0,0
436,185,1,10,34,2,5,3,0,2,0,0,0,1,0,0,0,1
437,185,1,10,88,6,29,9,0,0,3,0,0,0,0,0,0,0
438,185,1,10,91,6,36,17,0,3,2,1,0,1,0,0,0,1
439,185,1,10,92,2,17,13,0,1,0,0,0,0,0,0,0,0
440,185,1,10,93,4,8,8,0,1,1,0,0,1,0,0,0,1
441,185,1,10,94,1,6,6,0,0,1,0,0,0,0,0,0,0
442,185,1,10,95,3,24,15,0,2,1,1,0,0,0,0,0,0
443,185,1,10,97,4,25,12,1,2,2,0,0,0,1,0,1,1
444,185,1,10,98,2,-1,0,0,0,0,0,0,0,0,0,0,0
445,187,2,10,34,1,9,9,0,1,1,0,0,0,0,0,0,0
446,187,2,10,88,1,5,5,0,0,1,0,0,0,0,0,0,0
447,187,2,10,94,1,17,17,1,0,0,1,0,1,0,0,1,1
448,187,2,10,96,1,26,26,0,0,0,0,0,0,0,0,0,0
449,187,2,10,97,1,3,3,0,1,0,0,0,0,0,0,0,0
450,187,2,10,98,3,22,8,0,0,3,0,0,0,0,0,0,0
451,192,2,11,105,12,78,33,2,9,1,1,1,0,3,2,2,5
452,192,2,11,106,10,58,13,0,5,5,0,0,1,0,0,0,1
453,193,2,11,27,2,4,3,0,2,0,0,0,1,0,0,0,1
454,193,2,11,99,2,8,7,0,1,1,0,0,0,0,0,0,0
455,193,2,11,100,4,0,2,0,4,0,0,0,2,0,0,0,2
456,193,2,11,101,1,3,3,0,1,0,0,0,1,0,0,0,1
457,193,2,11,102,6,10,8,0,4,2,0,0,1,0,0,0,1
458,193,2,11,106,3,17,12,1,1,2,0,0,1,1,0,1,2
459,194,1,11,20,2,4,4,0,2,0,0,0,0,0,0,0,0
460,194,1,11,27,3,-7,-2,0,0,0,0,0,0,0,0,0,0
461,194,1,11,74,2,-2,-1,0,0,0,0,0,0,0,0,0,0
462,194,1,11,99,1,3,3,0,1,0,0,0,0,0,0,0,0
463,194,1,11,100,1,0,0,0,1,0,0,0,0,0,0,0,0
464,194,1,11,101,4,13,6,0,3,1,0,0,1,1,2,0,4
465,194,1,11,102,4,3,4,0,2,0,0,0,0,0,0,0,0
466,194,1,11,104,2,0,0,0,1,0,0,0,0,0,1,0,1
467,194,1,11,106,1,-1,-1,0,0,0,0,0,0,0,0,0,0
468,195,2,11,101,2,5,5,0,1,1,0,0,0,0,1,0,1
469,195,2,11,102,1,0,0,0,1,0,0,0,1,0,0,0,1
470,197,3,11,27,1,5,5,0,0,1,0,0,0,0,0,0,0
471,197,3,11,74,2,31,25,0,0,1,1,0,0,0,0,0,0
472,197,3,11,99,2,21,17,0,1,0,1,0,0,0,0,0,0
473,197,3,11,100,1,9,9,0,0,1,0,0,0,0,0,0,0
474,197,3,11,102,1,10,10,0,0,1,0,0,0,0,0,0,0
475,197,3,11,103,1,8,8,0,0,1,0,0,0,0,0,0,0
476,199,1,11,74,2,-2,-1,0,0,0,0,0,0,0,0,0,0
477,199,1,11,101,3,-4,-1,0,0,0,0,0,0,0,0,0,0
478,199,1,11,104,1,-1,-1,0,0,0,0,0,0,0,0,0,0
479,201,2,11,20,12,33,13,0,9,3,0,0,0,0,0,0,0
480,201,2,11,74,37,201,20,4,20,16,2,0,4,4,5,4,13
481,201,2,11,103,3,12,5,0,2,1,0,0,0,0,0,0,0
482,201,2,11,104,17,86,19,0,11,4,2,0,4,2,3,0,9
483,201,2,11,106,1,4,4,0,1,0,0,0,0,0,0,0,0
484,206,2,11,27,19,54,9,0,11,8,0,0,3,1,1,0,5
485,206,2,11,93,5,28,8,0,1,4,0,0,0,0,0,0,0
486,206,2,11,99,8,21,11,0,7,1,0,0,1,1,0,0,2
487,206,2,11,100,25,101,16,1,16,8,1,0,1,1,2,1,4
488,206,2,11,101,27,113,43,1,19,7,0,1,2,1,2,1,5
489,206,2,11,102,10,23,10,0,8,2,0,0,1,0,0,0,1
490,209,2,11,20,11,29,9,0,7,4,0,0,0,0,0,0,0
491,209,2,11,27,7,20,11,0,5,2,0,0,0,0,2,0,2
492,209,2,11,74,1,18,18,0,0,0,1,0,0,0,0,0,0
493,209,2,11,93,8,26,9,0,5,3,0,0,0,0,0,0,0
494,209,2,11,99,7,36,11,1,4,3,0,0,0,1,2,1,3
495,209,2,11,100,6,40,12,0,2,4,0,0,1,0,0,0,1
496,209,2,11,101,9,90,19,0,1,6,2,0,0,0,0,0,0
497,209,2,11,102,5,4,2,0,5,0,0,0,0,0,0,0,0
498,209,2,11,103,11,43,17,0,7,3,1,0,0,0,1,0,1
499,209,2,11,104,5,22,11,0,3,2,0,0,1,0,2,0,3
500,209,2,11,105,8,12,9,0,6,2,0,0,0,1,1,0,2
501,209,2,11,106,3,6,3,0,3,0,0,0,0,1,0,0,1
502,210,2,11,93,3,21,11,0,1,2,0,0,0,0,0,0,0
503,210,2,11,104,6,17,4,0,6,0,0,0,1,0,0,0,1
504,211,4,11,104,1,-2,-2,0,1,0,0,0,0,0,0,0,0
505,213,2,12,63,1,1,1,1,1,0,0,0,0,0,1,1,1
506,213,2,12,80,2,3,2,0,1,0,0,0,0,0,0,0,0
507,213,2,12,107,1,5,5,0,0,1,0,0,0,0,0,0,0
508,217,2,12,10,4,8,4,0,5,0,0,0,0,2,1,0,3
509,217,2,12,46,6,15,4,1,6,0,0,0,0,1,2,1,3
510,217,2,12,49,5,40,13,0,1,4,0,0,0,0,0,0,0
511,217,2,12,69,3,10,6,0,2,1,0,0,0,0,0,0,0
512,217,2,12,91,15,71,18,0,9,5,1,0,4,1,0,0,5
513,217,2,12,107,10,33,20,1,8,1,1,0,1,0,1,1,2
514,217,2,12,108,11,36,10,0,8,3,0,0,2,0,0,0,2
515,217,2,12,109,1,1,1,0,1,0,0,0,0,0,0,0,0
516,217,2,12,110,3,6,3,0,3,0,0,0,0,1,0,0,1
517,217,2,12,111,2,0,0,0,2,0,0,0,0,0,0,0,0
518,220,1,12,49,2,9,8,0,1,1,0,0,0,0,0,0,0
519,220,1,12,91,6,14,8,0,2,1,0,0,1,0,0,0,1
520,220,1,12,107,6,50,29,0,1,1,2,0,0,0,0,0,0
521,220,1,12,108,4,34,12,1,1,3,0,0,1,0,0,1,1
522,221,3,12,46,1,2,2,0,1,0,0,0,0,0,0,0,0
523,221,3,12,49,4,30,16,0,1,2,1,0,0,0,0,0,0
524,221,3,12,63,2,6,3,0,2,0,0,0,0,0,0,0,0
525,221,3,12,69,2,1,1,0,2,0,0,0,0,0,0,0,0
526,221,3,12,80,1,-1,-1,0,1,0,0,0,0,0,0,0,0
527,221,3,12,91,9,29,7,0,7,2,0,0,1,0,0,0,1
528,221,3,12,107,1,0,0,0,1,0,0,0,0,0,0,0,0
529,221,3,12,108,3,10,8,0,2,1,0,0,0,0,0,0,0
530,221,3,12,109,2,1,2,0,2,0,0,0,1,0,0,0,1
531,221,3,12,110,1,5,5,0,0,1,0,0,0,1,0,0,1
532,221,3,12,111,9,33,10,0,5,4,0,0,0,0,0,0,0
533,222,1,12,46,2,-2,-1,0,0,0,0,0,0,0,0,0,0
534,222,1,12,109,1,-1,-1,0,0,0,0,0,0,0,0,0,0
535,222,1,12,111,1,8,8,0,0,1,0,0,0,0,0,0,0
536,223,2,12,10,16,55,11,0,12,4,0,0,2,0,1,0,3
537,223,2,12,46,10,37,13,0,5,6,0,0,2,0,1,0,3
538,223,2,12,49,2,3,4,0,2,0,0,0,0,0,0,0,0
539,223,2,12,63,18,61,22,0,12,5,1,0,1,1,0,0,2
540,223,2,12,69,6,34,10,1,2,4,0,0,0,0,1,1,1
541,223,2,12,80,16,56,11,0,11,5,0,0,2,1,0,0,3
542,223,2,12,91,6,25,12,0,4,2,0,0,0,0,0,0,0
543,223,2,12,107,10,61,18,0,6,3,1,0,0,0,0,0,0
544,223,2,12,108,8,27,11,0,6,2,0,0,0,0,0,0,0
545,223,2,12,109,9,35,9,0,6,3,0,0,1,0,0,0,1
546,223,2,12,110,11,38,9,1,8,3,0,0,0,2,1,1,3
547,223,2,12,111,10,42,12,0,6,4,0,0,0,0,0,0,0
548,229,2,12,10,1,3,3,0,1,0,0,0,0,0,0,0,0
549,229,2,12,63,1,1,1,0,1,0,0,0,0,0,0,0,0
550,229,2,12,80,1,8,8,0,0,1,0,0,0,0,0,0,0
551,229,2,12,91,2,23,16,0,0,1,1,0,0,0,0,0,0
552,231,1,12,63,2,1,2,0,1,0,0,0,0,0,0,0,0
553,231,1,12,69,5,40,23,0,2,0,0,0,0,0,0,0,0
554,231,1,12,80,2,10,6,0,1,1,0,0,0,0,0,0,0
555,231,1,12,108,2,-1,0,0,1,0,0,0,0,0,0,0,0
556,232,3,12,10,1,1,1,0,1,0,0,0,0,0,0,0,0
557,232,3,12,108,2,43,38,0,0,1,0,1,0,0,0,0,0
558,233,2,13,26,11,40,11,0,8,3,0,0,1,0,0,0,1
559,233,2,13,43,7,13,7,0,5,2,0,0,0,1,0,0,1
560,233,2,13,52,5,16,5,0,4,1,0,0,1,0,0,0,1
561,233,2,13,70,3,22,17,0,2,0,1,0,0,0,0,0,0
562,233,2,13,76,1,0,0,0,1,0,0,0,0,0,0,0,0
563,233,2,13,109,14,42,9,0,10,4,0,0,0,0,0,0,0
564,233,2,13,111,7,6,5,0,6,1,0,0,2,0,0,0,2
565,233,2,13,112,13,78,46,0,10,2,0,1,0,0,1,0,1
566,233,2,13,113,9,9,6,0,8,1,0,0,0,0,0,0,0
567,233,2,13,114,5,14,7,0,4,1,0,0,0,0,0,0,0
568,233,2,13,115,36,156,21,0,19,16,1,0,4,0,0,0,4
569,233,2,13,116,16,46,9,0,11,4,0,0,1,1,0,0,2
570,237,1,13,43,6,49,16,0,0,4,1,0,1,0,0,0,1
571,237,1,13,52,3,3,2,0,2,0,0,0,1,0,0,0,1
572,237,1,13,70,1,5,5,0,0,1,0,0,0,0,0,0,0
573,237,1,13,76,5,10,9,0,1,1,0,0,0,0,0,0,0
574,237,1,13,109,4,12,12,0,1,1,0,0,0,0,0,0,0
575,237,1,13,111,2,10,14,0,1,1,0,0,0,1,0,0,1
576,237,1,13,112,7,34,8,1,3,5,0,0,1,0,1,1,2
577,237,1,13,113,5,14,11,0,0,2,0,0,0,0,0,0,0
578,237,1,13,114,5,16,6,0,2,2,0,0,0,0,0,0,0
579,238,2,13,26,28,138,40,1,18,8,1,2,2,1,3,1,6
580,238,2,13,43,15,56,18,0,11,3,1,0,0,0,0,0,0
581,238,2,13,52,23,157,33,2,11,8,2,1,1,1,1,2,3
582,238,2,13,70,20,109,34,2,10,9,0,1,2,1,1,2,4
583,238,2,13,76,27,103,10,0,18,10,0,0,2,0,0,0,2
584,238,2,13,109,20,151,43,2,12,6,0,2,1,1,2,1,4
585,238,2,13,111,19,79,18,0,11,6,2,0,0,0,0,0,0
586,238,2,13,113,8,6,4,0,7,1,0,0,0,0,0,0,0
587,238,2,13,114,20,102,33,0,15,6,0,1,1,0,0,0,1
588,241,2,13,26,3,9,7,0,2,1,0,0,0,2,0,0,2
589,241,2,13,76,1,2,2,0,1,0,0,0,0,0,0,0,0
590,241,2,13,109,2,7,5,0,1,1,0,0,0,0,0,0,0
591,241,2,13,111,5,13,10,0,3,2,0,0,1,0,0,0,1
592,241,2,13,112,1,5,5,0,0,1,0,0,0,0,0,0,0
593,241,2,13,115,13,54,11,0,9,4,0,0,0,0,0,0,0
594,241,2,13,116,2,16,8,0,0,2,0,0,1,0,0,0,1
595,244,3,13,111,1,-7,-7,0,0,1,0,0,0,0,0,0,0
596,244,3,13,112,1,0,0,0,1,0,0,0,0,0,0,0,0
597,244,3,13,113,1,8,8,0,0,1,0,0,0,0,0,0,0
598,244,3,13,115,1,6,6,0,0,1,0,0,0,0,0,0,0
599,246,1,13,26,1,-1,-1,0,0,0,0,0,0,0,0,0,0
600,246,1,13,115,4,-3,2,0,1,0,0,0,0,0,0,0,0
601,246,1,13,116,1,2,2,0,1,0,0,0,0,0,0,0,0
602,250,1,13,111,2,-2,-1,0,0,0,0,0,0,0,0,0,0
603,252,3,14,54,1,13,13,0,0,1,0,0,0,0,0,0,0
604,252,3,14,58,1,-2,-2,0,1,0,0,0,0,0,0,0,0
605,252,3,14,68,1,4,4,0,1,0,0,0,0,0,0,0,0
606,252,3,14,120,1,11,11,0,0,1,0,0,0,0,0,0,0
607,254,2,14,73,2,27,17,0,0,1,1,0,0,0,0,0,0
608,254,2,14,120,2,6,4,0,2,0,0,0,0,0,0,0,0
609,260,2,14,41,5,24,12,0,3,2,0,0,0,1,0,0,1
610,260,2,14,54,6,29,10,0,4,2,0,0,0,0,0,0,0
611,260,2,14,73,4,20,16,0,2,1,1,0,0,0,1,0,1
612,260,2,14,77,8,31,9,0,5,3,0,0,0,0,0,0,0
613,260,2,14,119,2,7,4,0,2,0,0,0,0,0,0,0,0
614,260,2,14,120,1,4,4,0,1,0,0,0,0,0,0,0,0
615,261,2,14,58,19,52,12,0,13,6,0,0,1,0,1,0,2
616,261,2,14,68,26,91,17,2,16,9,1,0,2,1,2,2,5
617,261,2,14,77,13,55,12,0,7,6,0,0,1,2,1,0,4
618,261,2,14,112,34,176,18,1,18,12,3,0,4,0,3,1,7
619,261,2,14,117,16,46,14,1,14,2,0,0,1,0,3,1,4
620,261,2,14,118,18,64,13,0,14,4,0,0,1,0,1,0,2
621,261,2,14,119,10,55,16,0,6,3,1,0,0,0,0,0,0
622,261,2,14,121,18,59,15,0,13,2,1,0,1,0,0,0,1
623,262,3,14,117,1,-2,-2,0,1,0,0,0,0,0,0,0,0
624,263,1,14,41,2,3,2,0,2,0,0,0,0,0,0,0,0
625,263,1,14,54,1,11,11,0,0,1,0,0,0,0,0,0,0
626,263,1,14,73,1,18,18,0,0,0,0,0,0,0,0,0,0
627,263,1,14,77,1,1,1,1,1,0,0,0,0,0,1,1,1
628,263,1,14,112,1,-1,-1,0,0,0,0,0,0,0,0,0,0
629,263,1,14,118,1,5,5,0,0,1,0,0,0,0,0,0,0
630,263,1,14,119,2,-3,-1,0,0,0,0,0,0,0,0,0,0
631,270,2,14,41,17,59,17,0,9,7,1,0,1,0,0,0,1
632,270,2,14,54,18,51,22,0,14,3,1,0,0,0,1,0,1
633,270,2,14,58,10,35,18,1,8,1,1,0,1,2,1,1,4
634,270,2,14,68,8,21,11,0,6,2,0,0,1,1,1,0,3
635,270,2,14,73,12,22,9,1,12,1,0,0,0,0,1,1,1
636,270,2,14,77,15,66,23,1,11,3,1,0,3,0,2,1,5
637,270,2,14,112,6,18,5,0,5,1,0,0,3,0,0,0,3
638,270,2,14,117,5,9,5,0,4,1,0,0,0,0,0,0,0
639,270,2,14,118,8,12,5,0,7,1,0,0,0,0,0,0,0
640,270,2,14,119,20,65,11,1,13,7,0,0,4,2,1,1,7
641,270,2,14,120,13,33,7,1,9,4,0,0,0,1,1,1,2
642,270,2,14,121,2,2,5,0,1,1,0,0,0,0,0,0,0
643,272,1,15,122,3,10,8,0,1,0,0,0,0,0,1,0,1
644,277,3,15,123,1,11,11,0,0,1,0,0,0,0,0,0,0
645,277,3,15,125,2,22,14,0,1,1,0,0,0,0,0,0,0
646,277,3,15,131,1,4,4,0,1,0,0,0,0,0,0,0,0
647,280,1,15,4,2,7,7,0,0,0,0,0,0,0,0,0,0
648,280,1,15,44,2,6,4,0,0,0,0,0,0,0,0,0,0
649,280,1,15,123,4,19,13,0,2,1,0,0,0,0,1,0,1
650,280,1,15,124,2,7,5,0,1,1,0,0,0,0,0,0,0
651,280,1,15,125,6,9,3,0,5,0,0,0,1,0,0,0,1
652,280,1,15,126,17,107,12,1,6,10,0,0,2,0,0,1,2
653,280,1,15,127,7,41,10,0,2,4,0,0,0,0,0,0,0
654,280,1,15,128,12,24,8,0,5,4,0,0,2,2,1,0,5
655,280,1,15,129,7,43,14,1,1,5,0,0,0,2,0,1,2
656,280,1,15,130,5,30,15,0,3,1,1,0,0,0,0,0,0
657,280,1,15,131,9,49,10,0,2,6,0,0,0,0,0,0,0
658,282,2,15,44,11,36,10,1,9,2,0,0,0,0,2,1,2
659,282,2,15,122,9,20,6,0,7,2,0,0,0,0,0,0,0
660,282,2,15,123,15,37,22,1,11,3,1,0,1,0,1,1,2
661,282,2,15,124,5,31,15,0,3,1,1,0,0,0,0,0,0
662,282,2,15,127,13,50,18,0,8,4,1,0,2,0,0,0,2
663,282,2,15,128,16,79,18,0,7,8,1,0,3,0,1,0,4
664,282,2,15,129,8,46,13,0,3,4,0,0,0,0,0,0,0
665,282,2,15,130,7,24,13,0,5,2,0,0,1,0,0,0,1
666,282,2,15,131,12,85,26,0,4,6,2,0,1,1,0,0,2
667,283,2,15,122,7,11,5,0,6,1,0,0,1,0,1,0,2
668,283,2,15,123,4,-5,2,0,4,0,0,0,0,1,1,0,2
669,283,2,15,124,3,4,2,0,3,0,0,0,0,0,0,0,0
670,283,2,15,131,2,5,3,0,2,0,0,0,0,0,0,0,0
671,285,2,15,44,6,29,17,0,4,1,1,0,0,0,0,0,0
672,285,2,15,126,9,25,6,1,4,5,0,0,0,1,1,1,2
673,285,2,15,130,3,11,5,0,2,1,0,0,0,0,0,0,0
674,285,2,15,131,1,16,16,0,0,0,1,0,0,0,0,0,0
675,287,2,15,4,11,34,7,0,9,1,0,0,3,0,0,0,3
676,287,2,15,44,13,31,8,0,12,2,0,0,1,0,0,0,1
677,287,2,15,122,14,72,17,0,6,7,1,0,1,0,1,0,2
678,287,2,15,129,8,20,7,0,6,2,0,0,1,0,0,0,1
679,287,2,15,130,10,41,8,0,7,3,0,0,0,0,0,0,0
680,287,2,15,131,7,21,9,0,5,2,0,0,1,0,0,0,1
681,289,3,16,18,1,2,2,0,1,0,0,0,0,0,0,0,0
682,292,3,16,133,1,4,4,0,1,0,0,0,0,0,0,0,0
683,293,4,16,121,1,4,4,0,1,0,0,0,0,0,0,0,0
684,295,3,16,39,1,15,15,0,0,0,1,0,0,0,0,0,0
685,295,3,16,94,1,0,0,0,1,0,0,0,0,0,0,0,0
686,295,3,16,133,1,1,1,0,1,0,0,0,0,0,0,0,0
687,296,1,16,18,1,5,5,0,0,1,0,0,0,0,0,0,0
688,297,2,16,18,9,20,7,0,8,1,0,0,0,0,1,0,1
689,297,2,16,39,24,119,28,0,15,7,2,0,4,0,0,0,4
690,297,2,16,48,16,66,20,0,11,4,1,0,0,0,0,0,0
691,297,2,16,83,13,36,8,0,11,3,0,0,0,0,0,0,0
692,297,2,16,94,18,107,14,0,7,11,0,0,1,0,0,0,1
693,297,2,16,121,19,95,17,0,10,8,1,0,1,0,0,0,1
694,297,2,16,132,13,63,19,1,7,5,1,0,0,3,0,1,3
695,297,2,16,133,6,10,4,0,6,0,0,0,1,0,1,0,2
696,297,2,16,134,16,38,9,0,11,5,0,0,1,0,0,0,1
697,297,2,16,135,14,49,11,0,11,3,0,0,0,0,0,0,0
698,297,2,16,136,23,81,11,1,16,7,0,0,3,1,1,1,5
699,297,2,16,137,10,28,7,0,6,4,0,0,0,0,0,0,0
700,299,2,16,18,3,15,10,0,1,2,0,0,0,0,0,0,0
701,299,2,16,39,10,26,6,0,7,3,0,0,2,0,0,0,2
702,299,2,16,48,7,50,15,1,3,3,1,0,1,0,1,1,2
703,299,2,16,83,7,16,7,1,4,2,0,0,1,0,1,1,2
704,299,2,16,94,10,43,11,0,6,4,0,0,2,1,0,0,3
705,299,2,16,121,9,25,7,0,7,2,0,0,1,0,0,0,1
706,299,2,16,132,4,0,3,0,4,0,0,0,1,0,1,0,2
707,299,2,16,133,3,13,6,1,2,1,0,0,0,2,0,1,2
708,299,2,16,134,11,14,6,0,9,2,0,0,1,0,3,0,4
709,299,2,16,135,2,17,13,0,1,1,0,0,0,0,0,0,0
710,299,2,16,136,4,36,15,1,1,2,1,0,0,1,0,1,1
711,299,2,16,137,5,19,12,0,4,1,0,0,0,0,0,0,0
712,303,1,16,18,3,18,7,0,0,3,0,0,1,0,0,0,1
713,303,1,16,39,7,58,23,0,1,2,2,0,2,0,0,0,2
714,303,1,16,48,5,11,8,0,2,1,0,0,0,0,0,0,0
715,303,1,16,83,9,14,7,0,2,2,0,0,0,0,0,0,0
716,303,1,16,94,10,18,9,0,4,3,0,0,1,1,0,0,2
717,303,1,16,121,8,24,16,0,1,3,1,0,0,1,0,0,1
718,303,1,16,132,9,64,15,0,4,4,2,0,1,1,0,0,2
719,303,1,16,133,12,54,10,0,6,4,0,0,3,0,0,0,3
720,303,1,16,134,3,37,23,0,1,0,0,0,0,0,0,0,0
721,303,1,16,135,5,14,9,0,4,1,0,0,0,0,1,0,1
722,303,1,16,136,4,24,19,0,1,1,1,0,0,0,0,0,0
723,303,1,16,137,3,17,9,0,1,2,0,0,0,0,0,0,0
724,311,3,17,30,1,-5,-5,0,0,1,0,0,0,0,0,0,0
725,311,3,17,56,1,-3,-3,0,1,0,0,0,0,0,0,0,0
726,311,3,17,118,1,2,2,0,1,0,0,0,0,0,0,0,0
727,315,2,17,84,7,20,7,0,7,1,0,0,1,0,1,0,2
728,315,2,17,118,9,31,20,1,9,0,1,0,2,1,1,1,4
729,316,2,17,16,16,32,6,1,13,3,0,0,0,0,1,1,1
730,316,2,17,30,24,88,13,0,14,10,0,0,2,1,0,0,3
731,316,2,17,42,23,71,21,1,15,9,1,0,0,1,1,1,2
732,316,2,17,56,21,95,20,0,14,4,2,0,2,0,1,0,3
733,316,2,17,79,19,67,18,0,12,6,1,0,1,0,0,0,1
734,316,2,17,84,13,53,18,0,11,4,1,0,0,0,0,0,0
735,316,2,17,118,15,91,22,0,9,3,3,0,1,0,0,0,1
736,316,2,17,133,18,62,20,0,14,3,1,0,0,1,1,0,2
737,316,2,17,138,18,23,5,1,16,2,0,0,2,0,1,1,3
738,316,2,17,139,19,42,17,0,15,3,1,0,2,0,0,0,2
739,316,2,17,140,10,24,7,0,8,2,0,0,0,0,0,0,0
740,316,2,17,141,5,12,7,0,4,1,0,0,0,0,0,0,0
741,319,3,17,84,1,2,2,0,1,0,0,0,0,0,0,0,0
742,320,3,17,16,1,-1,-1,0,1,0,0,0,0,0,0,0,0
743,320,3,17,133,1,4,4,0,1,0,0,0,0,0,0,0,0
744,321,2,17,56,5,12,5,1,4,1,0,0,0,1,2,1,3
745,321,2,17,138,1,1,1,0,1,0,0,0,0,0,0,0,0
746,321,2,17,141,5,16,7,0,4,1,0,0,0,0,0,0,0
747,323,2,17,16,1,0,0,0,1,0,0,0,0,0,0,0,0
748,323,2,17,118,1,2,2,0,1,0,0,0,0,0,0,0,0
749,323,2,17,139,1,2,2,0,1,0,0,0,0,0,0,0,0
750,323,2,17,140,1,3,3,0,1,0,0,0,0,0,0,0,0
751,328,1,17,56,2,-2,-1,0,0,0,0,0,0,0,0,0,0
752,328,1,17,79,1,-3,-3,0,1,0,0,0,0,0,0,0,0
753,328,1,17,84,4,29,12,0,0,1,0,0,0,0,0,0,0
754,328,1,17,138,1,1,1,0,3,0,0,0,0,0,0,0,0
755,329,1,17,118,2,-2,-1,0,0,0,0,0,0,0,0,0,0
756,329,1,17,133,6,16,13,0,1,2,0,0,0,0,0,0,0
757,329,1,17,138,2,3,4,0,1,0,0,0,0,0,0,0,0
758,329,1,17,139,4,-4,-1,0,0,0,0,0,0,0,0,0,0
759,329,1,17,140,4,23,13,0,1,2,0,0,0,0,0,0,0
760,329,1,17,141,1,7,7,0,0,1,0,0,0,0,0,0,0
761,330,2,17,16,1,6,6,0,0,1,0,0,0,0,0,0,0
762,330,2,17,30,12,40,13,1,7,5,0,0,0,0,3,1,3
763,330,2,17,79,3,10,8,0,2,1,0,0,0,0,0,0,0
764,330,2,17,84,1,5,5,0,0,1,0,0,0,0,0,0,0
765,330,2,17,133,1,2,2,0,1,0,0,0,0,0,0,0,0
766,330,2,17,139,2,6,5,0,1,1,0,0,0,0,0,0,0
767,330,2,17,140,5,14,5,0,4,1,0,0,0,0,0,0,0
768,332,3,18,22,2,11,9,0,1,1,0,0,2,0,0,0,2
769,332,3,18,35,2,24,18,1,0,1,1,0,1,0,0,1,1
770,332,3,18,90,3,27,15,1,0,3,1,0,1,1,0,1,2
771,332,3,18,95,2,7,4,0,2,0,0,0,1,0,0,0,1
772,332,3,18,134,3,16,8,0,1,2,0,0,1,0,0,0,1
773,332,3,18,135,2,7,4,0,2,0,0,0,0,0,0,0,0
774,332,3,18,138,1,10,10,0,0,1,0,0,1,0,0,0,1
775,332,3,18,142,3,5,5,0,2,1,0,0,0,0,0,0,0
776,332,3,18,143,2,21,18,0,1,0,1,0,0,0,0,0,0
777,332,3,18,144,5,16,8,0,4,1,0,0,1,0,0,0,1
778,336,3,18,50,1,2,2,0,2,0,0,0,1,0,0,0,1
779,336,3,18,143,1,12,12,0,0,1,0,0,0,0,0,0,0
780,337,4,18,50,1,0,0,0,1,0,0,0,0,0,0,0,0
781,338,2,18,22,2,7,6,0,1,1,0,0,0,0,0,0,0
782,338,2,18,35,1,5,5,0,1,1,0,0,0,0,0,0,0
783,338,2,18,40,7,47,14,1,4,3,0,0,1,1,0,1,2
784,338,2,18,50,9,29,7,0,6,3,0,0,1,0,0,0,1
785,338,2,18,90,4,18,8,0,2,2,0,0,1,1,0,0,2
786,338,2,18,95,4,27,18,0,2,1,1,0,0,0,0,0,0
787,338,2,18,134,7,21,5,1,4,3,0,0,0,0,1,1,1
788,338,2,18,135,4,10,8,0,2,2,0,0,1,0,0,0,1
789,338,2,18,138,4,12,5,1,3,1,0,0,0,0,1,1,1
790,338,2,18,142,5,21,7,0,3,2,0,0,1,0,0,0,1
791,338,2,18,143,6,15,11,0,5,1,0,0,1,0,0,0,1
792,338,2,18,144,2,3,5,0,1,1,0,0,0,0,0,0,0
793,340,1,18,40,3,30,12,0,0,3,0,0,0,0,0,0,0
794,340,1,18,50,2,-1,0,0,0,0,0,0,0,0,0,0,0
795,340,1,18,95,1,1,1,0,1,0,0,0,0,1,0,0,1
796,340,1,18,134,1,-1,-1,0,0,0,0,0,0,0,0,0,0
797,340,1,18,135,2,9,10,0,0,1,0,0,0,0,0,0,0
798,340,1,18,138,3,0,3,0,2,0,0,0,0,0,0,0,0
799,340,1,18,142,1,0,0,0,0,0,0,0,0,0,0,0,0
800,340,1,18,143,1,0,0,0,0,0,0,0,0,0,0,0,0
801,340,1,18,144,2,-2,-1,0,0,0,0,0,0,0,0,0,0
802,341,3,18,142,1,4,4,0,1,0,0,0,0,0,0,0,0
803,343,1,18,35,2,1,2,1,1,0,0,0,0,0,1,1,1
804,343,1,18,90,1,0,0,0,0,0,0,0,0,0,0,0,0
805,343,1,18,142,1,-1,-1,0,0,0,0,0,0,0,0,0,0
806,345,2,18,22,29,113,27,0,23,4,2,0,2,1,0,0,3
807,345,2,18,35,14,117,89,2,8,5,0,2,1,2,0,1,3
808,345,2,18,90,16,62,21,0,12,3,1,0,1,0,1,0,2
809,345,2,18,95,7,32,14,0,5,2,0,0,0,1,0,0,1
810,345,2,18,134,5,40,24,0,3,1,1,0,0,0,0,0,0
811,345,2,18,135,19,65,21,0,13,5,1,0,0,0,0,0,0
812,345,2,18,138,14,48,16,0,10,3,1,0,1,0,0,0,1
813,345,2,18,144,18,85,28,1,11,7,1,0,2,2,2,1,6
814,350,2,18,35,7,25,11,0,4,2,0,0,1,1,0,0,2
815,350,2,18,40,11,42,14,0,5,7,0,0,1,0,1,0,2
816,350,2,18,50,12,67,16,0,5,6,1,0,1,1,1,0,3
817,350,2,18,95,5,17,9,0,3,2,0,0,0,0,0,0,0
818,350,2,18,134,8,17,6,0,7,1,0,0,0,0,2,0,2
819,350,2,18,142,11,43,7,0,7,4,0,0,0,0,0,0,0
820,350,2,18,143,19,71,12,1,15,5,0,0,1,0,2,1,3
821,351,2,18,40,2,6,4,0,2,0,0,0,0,0,0,0,0
822,351,2,18,50,5,24,9,0,3,2,0,0,1,0,0,0,1
823,355,1,19,145,3,19,19,0,0,0,0,0,0,0,0,0,0
824,355,1,19,147,1,0,0,0,0,0,0,0,0,0,0,0,0
825,355,1,19,148,3,13,6,0,1,2,0,0,0,0,0,0,0
826,355,1,19,149,3,17,9,0,1,2,0,0,0,0,0,0,0
827,356,3,19,148,1,0,0,0,1,0,0,0,0,0,0,0,0
828,358,2,19,143,6,7,8,0,5,1,0,0,2,1,0,0,3
829,358,2,19,145,4,4,3,0,4,0,0,0,0,0,0,0,0
830,358,2,19,148,1,1,1,0,1,0,0,0,0,1,0,0,1
831,358,2,19,149,4,9,6,0,3,1,0,0,0,0,0,0,0
832,358,2,19,150,4,16,9,0,2,2,0,0,0,1,1,0,2
833,359,2,19,6,11,45,19,0,7,3,1,0,1,0,0,0,1
834,359,2,19,122,9,9,4,0,9,0,0,0,0,0,0,0,0
835,359,2,19,146,14,40,9,1,11,3,0,0,0,2,1,1,3
836,359,2,19,147,14,45,16,0,10,3,1,0,0,0,0,0,0
837,359,2,19,148,10,27,7,0,8,2,0,0,0,0,0,0,0
838,359,2,19,151,11,27,10,0,10,2,0,0,0,0,0,0,0
839,359,2,19,152,18,58,10,1,10,6,0,0,1,3,0,1,4
840,360,1,19,82,3,8,5,0,1,1,0,0,1,0,0,0,1
841,360,1,19,122,3,27,13,0,1,2,0,0,0,0,0,0,0
842,360,1,19,143,2,6,5,2,1,1,0,0,0,0,2,2,2
843,360,1,19,150,5,39,15,0,0,2,1,0,0,0,0,0,0
844,360,1,19,151,3,12,10,0,2,1,0,0,0,0,0,0,0
845,360,1,19,152,1,0,0,0,0,0,0,0,0,0,0,0,0
846,364,2,19,6,7,42,21,0,4,2,1,0,0,0,1,0,1
847,364,2,19,82,5,4,2,0,5,0,0,0,1,0,0,0,1
848,364,2,19,122,4,12,6,0,3,1,0,0,0,1,0,0,1
849,364,2,19,143,22,144,31,0,12,6,3,1,5,1,0,0,6
850,364,2,19,145,11,41,8,0,8,4,0,0,0,0,1,0,1
851,364,2,19,146,4,2,3,0,4,0,0,0,1,0,0,0,1
852,364,2,19,147,6,21,9,1,4,2,0,0,0,2,0,1,2
853,364,2,19,148,8,25,13,0,7,1,0,0,0,1,0,0,1
854,364,2,19,149,19,87,21,0,12,6,1,0,1,1,0,0,2
855,364,2,19,150,6,14,8,0,3,3,0,0,2,0,0,0,2
856,364,2,19,151,1,3,3,0,1,0,0,0,0,0,0,0,0
857,364,2,19,152,1,11,11,0,0,1,0,0,0,0,0,0,0
858,367,2,19,82,13,36,12,0,11,2,0,0,0,0,0,0,0
859,367,2,19,150,8,23,6,0,7,2,0,0,0,0,0,0,0
860,367,2,19,151,6,22,10,0,3,3,0,0,0,0,0,0,0
861,367,2,19,152,5,6,5,0,4,1,0,0,1,0,0,0,1
862,374,2,20,7,2,20,18,0,1,0,1,0,0,0,0,0,0
863,374,2,20,119,4,38,24,0,2,1,1,0,0,0,0,0,0
864,374,2,20,130,6,28,15,0,4,1,1,0,0,0,0,0,0
865,374,2,20,141,8,26,19,0,6,1,1,0,0,1,1,0,2
866,374,2,20,145,11,12,6,0,10,2,0,0,0,0,0,0,0
867,374,2,20,150,3,16,9,0,1,2,0,0,0,0,0,0,0
868,374,2,20,153,2,15,10,0,0,2,0,0,0,0,0,0,0
869,374,2,20,155,2,8,5,0,1,1,0,0,0,0,0,0,0
870,374,2,20,156,2,5,3,0,2,0,0,0,0,0,0,0,0
871,374,2,20,157,3,5,2,0,3,0,0,0,0,0,0,0,0
872,374,2,20,158,5,7,6,0,4,1,0,0,0,0,0,0,0
873,375,2,20,7,8,22,4,0,8,0,0,0,0,0,0,0,0
874,375,2,20,119,13,37,11,1,10,3,0,0,0,2,1,1,3
875,375,2,20,130,17,41,5,0,16,1,0,0,2,1,0,0,3
876,375,2,20,141,18,101,55,0,13,4,0,1,3,2,1,0,6
877,375,2,20,145,14,54,13,1,10,4,0,0,3,0,1,1,4
878,375,2,20,150,16,81,27,1,8,7,1,0,2,0,1,1,3
879,375,2,20,153,12,52,17,0,9,2,1,0,0,0,1,0,1
880,375,2,20,154,11,46,13,0,6,5,0,0,0,0,0,0,0
881,375,2,20,155,13,49,11,0,9,5,0,0,0,0,1,0,1
882,375,2,20,156,6,25,14,0,5,1,0,0,0,0,0,0,0
883,375,2,20,157,18,60,13,1,13,5,0,0,1,3,1,1,5
884,375,2,20,158,13,34,7,1,11,2,0,0,0,0,1,1,1
885,376,3,20,156,1,1,1,0,1,0,0,0,0,0,0,0,0
886,379,2,20,7,2,9,7,0,1,1,0,0,1,0,0,0,1
887,379,2,20,119,2,10,9,0,1,2,0,0,1,0,0,0,1
888,379,2,20,130,2,4,3,0,2,0,0,0,0,0,0,0,0
889,379,2,20,141,4,7,5,0,3,1,0,0,0,1,0,0,1
890,379,2,20,145,5,6,4,0,5,0,0,0,0,0,1,0,1
891,379,2,20,150,1,1,1,0,1,0,0,0,0,0,0,0,0
892,379,2,20,153,6,34,17,1,4,1,1,0,2,0,0,1,2
893,379,2,20,154,5,23,9,0,3,2,0,0,0,0,0,0,0
894,379,2,20,155,1,2,2,0,1,0,0,0,0,0,0,0,0
895,379,2,20,156,1,7,7,0,0,1,0,0,0,0,0,0,0
896,379,2,20,157,1,2,2,0,1,0,0,0,0,0,0,0,0
897,379,2,20,158,3,16,7,0,1,2,0,0,0,0,0,0,0
898,380,1,20,7,1,7,7,0,0,0,0,0,0,0,0,0,0
899,380,1,20,130,1,4,4,0,1,0,0,0,0,0,0,0,0
900,380,1,20,141,3,4,6,0,0,1,0,0,0,0,0,0,0
901,380,1,20,145,1,2,2,0,1,0,0,0,0,0,0,0,0
902,380,1,20,150,3,9,8,0,1,1,0,0,0,0,0,0,0
903,380,1,20,153,3,15,9,0,2,0,0,0,0,0,0,0,0
904,380,1,20,154,3,28,12,0,0,3,0,0,0,0,0,0,0
905,380,1,20,155,2,2,1,0,2,0,0,0,0,0,0,0,0
906,380,1,20,156,1,-1,0,0,0,0,0,0,0,0,0,0,0
907,380,1,20,157,1,6,6,0,0,1,0,0,0,0,0,0,0
908,380,1,20,158,2,6,4,0,2,0,0,0,0,0,0,0,0
909,381,2,20,7,3,10,9,0,2,1,0,0,0,0,0,0,0
910,381,2,20,119,1,2,2,0,1,0,0,0,0,0,0,0,0
911,381,2,20,145,4,50,38,1,2,2,0,1,1,1,0,0,2
912,381,2,20,150,4,3,4,0,4,0,0,0,1,0,0,0,1
913,381,2,20,153,2,7,5,0,1,1,0,0,0,0,0,0,0
914,381,2,20,155,4,62,48,1,2,1,0,1,0,0,0,0,0
915,381,2,20,156,2,5,3,0,2,0,0,0,0,0,0,0,0
916,381,2,20,157,3,5,3,0,3,0,0,0,0,0,0,0,0
917,386,2,21,131,2,8,5,0,1,1,0,0,0,0,0,0,0
918,386,2,21,164,5,26,8,0,2,3,0,0,0,0,0,0,0
919,387,1,21,81,3,20,16,0,2,0,0,0,0,0,0,0,0
920,387,1,21,131,2,12,8,0,1,2,0,0,0,0,0,0,0
921,387,1,21,148,1,3,3,0,1,0,0,0,0,0,0,0,0
922,387,1,21,155,5,27,13,1,3,2,0,0,2,0,1,1,3
923,387,1,21,159,6,27,15,0,2,1,1,0,2,0,0,0,2
924,387,1,21,161,3,11,8,0,1,0,0,0,0,0,0,0,0
925,387,1,21,162,1,7,7,0,0,1,0,0,0,0,0,0,0
926,387,1,21,163,4,2,2,0,3,0,0,0,0,1,0,0,1
927,387,1,21,164,5,32,11,0,2,3,0,0,0,1,0,0,1
928,388,1,21,100,3,16,13,0,0,1,0,0,0,0,0,0,0
929,388,1,21,142,5,-3,0,0,0,0,0,0,0,0,0,0,0
930,388,1,21,159,1,5,5,0,0,1,0,0,1,0,0,0,1
931,389,2,21,162,2,21,21,0,1,0,1,0,0,0,0,0,0
932,389,2,21,163,1,3,3,0,1,0,0,0,0,0,0,0,0
933,394,2,21,81,14,54,15,0,8,5,1,0,2,1,0,0,3
934,394,2,21,100,2,7,4,0,2,0,0,0,0,0,0,0,0
935,394,2,21,142,1,1,1,0,1,0,0,0,0,0,0,0,0
936,394,2,21,148,16,83,28,0,8,7,1,0,0,0,0,0,0
937,394,2,21,155,18,135,55,0,9,9,0,1,2,1,0,0,3
938,394,2,21,159,2,-1,1,0,2,0,0,0,0,0,0,0,0
939,394,2,21,160,7,24,10,0,5,2,0,0,0,1,0,0,1
940,394,2,21,161,11,40,9,0,7,4,0,0,0,0,0,0,0
941,394,2,21,162,19,103,29,0,12,6,1,0,0,0,0,0,0
942,394,2,21,163,8,38,23,0,6,1,1,0,0,0,0,0,0
943,394,2,21,164,15,54,10,0,11,4,0,0,0,0,0,0,0
944,395,3,21,142,3,102,67,1,1,1,1,1,0,0,0,0,0
945,395,3,21,148,1,10,10,0,0,1,0,0,0,0,0,0,0
946,395,3,21,159,1,-7,-7,0,0,1,0,0,0,0,0,0,0
947,395,3,21,161,1,2,2,0,1,0,0,0,0,0,0,0,0
948,395,3,21,162,1,3,3,0,1,0,0,0,0,0,0,0,0
949,395,3,21,163,1,3,3,0,1,0,0,0,0,0,0,0,0
950,396,2,21,142,21,75,17,0,12,7,2,0,0,1,0,0,1
951,397,1,21,155,1,1,1,0,1,0,0,0,1,0,0,0,1
952,397,1,21,160,3,15,8,1,0,2,0,0,0,1,0,1,1
953,399,2,21,131,5,15,9,0,4,1,0,0,0,0,0,0,0
954,402,3,21,100,1,-5,-5,0,0,1,0,0,0,0,0,0,0
955,402,3,21,131,1,5,5,0,0,0,0,0,0,0,0,0,0
956,402,3,21,161,1,21,21,0,0,0,1,0,0,0,0,0,0
957,403,1,22,11,3,15,9,0,1,1,0,0,0,1,1,0,2
958,403,1,22,51,1,6,6,0,0,1,0,0,0,0,0,0,0
959,403,1,22,129,4,2,3,1,2,0,0,0,0,0,1,1,1
960,403,1,22,136,2,7,5,0,1,1,0,0,0,0,0,0,0
961,403,1,22,147,1,-1,-1,0,0,0,0,0,0,0,0,0,0
962,403,1,22,153,1,2,2,0,1,0,0,0,0,0,0,0,0
963,403,1,22,159,3,-2,0,0,0,0,0,0,0,0,0,0,0
964,403,1,22,165,1,3,3,0,1,0,0,0,1,0,0,0,1
965,403,1,22,166,1,13,13,0,0,1,0,0,0,0,0,0,0
966,403,1,22,167,1,6,6,0,0,1,0,0,0,0,0,0,0
967,403,1,22,168,1,3,3,0,1,0,0,0,0,0,0,0,0
968,404,2,22,51,1,1,1,0,1,0,0,0,0,0,0,0,0
969,404,2,22,129,2,1,3,0,2,0,0,0,0,0,0,0,0
970,404,2,22,136,2,9,8,0,1,1,0,0,0,0,0,0,0
971,404,2,22,159,2,9,6,0,1,1,0,0,1,0,0,0,1
972,404,2,22,167,1,7,7,0,0,1,0,0,0,0,0,0,0
973,404,2,22,168,1,0,0,0,2,0,0,0,0,0,0,0,0
974,406,3,22,147,2,15,12,0,1,1,0,0,0,1,0,0,1
975,406,3,22,153,1,18,18,0,0,0,1,0,0,0,0,0,0
976,406,3,22,165,2,31,28,0,1,0,1,0,0,0,0,0,0
977,406,3,22,167,1,4,4,1,1,0,0,0,0,0,1,1,1
978,406,3,22,168,1,5,5,0,0,1,0,0,0,1,0,0,1
979,410,2,22,11,11,27,9,0,11,3,0,0,0,1,3,0,4
980,410,2,22,129,30,100,19,2,23,6,1,0,5,1,5,2,11
981,410,2,22,136,27,120,11,0,16,10,0,0,0,1,1,0,2
982,410,2,22,153,13,60,19,2,8,4,1,0,2,0,2,2,4
983,410,2,22,165,11,83,26,1,5,4,2,0,0,1,2,1,3
984,410,2,22,166,10,16,14,0,8,2,0,0,0,0,0,0,0
985,410,2,22,167,24,172,28,1,13,8,3,0,3,2,0,0,5
986,410,2,22,168,23,67,13,0,18,5,0,0,1,0,3,0,4
987,410,2,22,169,23,122,31,0,13,8,1,1,2,0,0,0,2
988,413,3,22,11,1,67,67,0,0,0,0,1,0,0,0,0,0
989,414,2,22,51,8,87,62,0,5,2,0,1,0,0,0,0,0
990,414,2,22,147,21,89,18,1,12,8,1,0,5,0,0,1,5
991,414,2,22,153,6,28,21,1,2,3,1,0,0,0,2,1,2
992,414,2,22,159,18,69,13,0,9,8,0,0,1,0,0,0,1
993,414,2,22,165,8,31,9,0,6,2,0,0,0,1,0,0,1
994,414,2,22,166,3,26,17,0,2,1,1,0,0,0,0,0,0
995,416,3,22,11,1,-2,-2,0,1,0,0,0,0,0,0,0,0
996,418,2,22,11,5,19,5,0,4,1,0,0,0,0,0,0,0
997,418,2,22,51,2,8,8,0,1,1,0,0,1,0,0,0,1
998,418,2,22,147,4,35,27,1,3,0,1,0,0,0,0,0,0
999,418,2,22,153,7,31,13,0,5,2,0,0,1,0,1,0,2
1000,418,2,22,159,8,30,11,1,5,3,0,0,0,0,1,1,1
1001,418,2,22,165,3,16,7,0,1,2,0,0,0,0,0,0,0
1002,418,2,22,166,6,13,12,0,6,1,0,0,1,1,0,0,2
1003,418,2,22,169,3,21,13,0,1,2,0,0,0,0,0,0,0
1004,431,3,23,85,1,2,2,0,1,0,0,0,0,0,0,0,0
1005,432,2,23,15,26,88,12,1,16,9,0,0,2,3,2,1,7
1006,432,2,23,32,21,67,11,2,15,6,0,0,1,2,2,2,5
1007,432,2,23,53,10,61,32,0,6,3,0,1,1,0,0,0,1
1008,432,2,23,78,17,72,17,0,11,5,1,0,3,1,0,0,4
1009,432,2,23,85,6,36,10,0,1,5,0,0,1,0,0,0,1
1010,432,2,23,98,24,124,17,0,13,9,2,0,4,1,2,0,7
1011,432,2,23,120,21,140,22,4,10,9,3,0,4,1,6,4,11
1012,432,2,23,128,14,62,25,0,10,3,1,0,0,1,0,0,1
1013,432,2,23,137,20,104,33,0,14,2,1,1,0,1,1,0,2
1014,432,2,23,140,15,39,13,0,12,3,0,0,3,0,0,0,3
1015,432,2,23,144,18,53,13,0,13,5,0,0,3,1,0,0,4
1016,432,2,23,170,20,110,21,2,10,9,1,0,2,2,1,2,5
1017,434,2,23,32,4,16,8,0,2,2,0,0,0,0,0,0,0
1018,434,2,23,98,1,-2,-2,0,1,0,0,0,0,0,0,0,0
1019,434,2,23,120,4,71,45,0,1,1,1,1,0,1,0,0,1
1020,434,2,23,128,4,12,6,0,3,1,0,0,0,0,0,0,0
1021,434,2,23,137,3,10,8,0,1,1,0,0,0,0,0,0,0
1022,434,2,23,144,2,5,3,0,2,0,0,0,0,0,0,0,0
1023,439,2,23,15,2,1,1,0,2,0,0,0,0,0,0,0,0
1024,439,2,23,32,5,35,17,0,2,2,1,0,0,0,0,0,0
1025,439,2,23,53,2,10,7,0,1,1,0,0,0,0,0,0,0
1026,439,2,23,78,5,19,9,0,3,2,0,0,0,2,0,0,2
1027,439,2,23,85,2,7,10,0,1,1,0,0,0,0,0,0,0
1028,439,2,23,98,4,11,4,0,4,0,0,0,0,0,0,0,0
1029,439,2,23,120,6,32,6,0,0,7,0,0,1,0,0,0,1
1030,439,2,23,128,2,10,5,0,0,2,0,0,0,0,0,0,0
1031,439,2,23,137,4,8,5,0,1,1,0,0,0,0,0,0,0
1032,439,2,23,140,4,12,6,0,3,1,0,0,1,0,0,0,1
1033,439,2,23,144,2,7,6,0,1,1,0,0,0,0,0,0,0
1034,439,2,23,170,6,27,7,0,3,3,0,0,0,0,0,0,0
1035,440,3,23,53,1,-2,-2,0,1,0,0,0,0,0,0,0,0
1036,442,1,23,15,9,40,9,0,2,5,0,0,1,0,0,0,1
1037,442,1,23,32,8,31,19,0,3,1,1,0,0,1,0,0,1
1038,442,1,23,53,2,12,9,1,1,1,0,0,0,1,0,1,1
1039,442,1,23,78,11,122,29,1,1,6,3,0,1,1,0,1,2
1040,442,1,23,85,2,18,13,0,0,2,0,0,1,0,0,0,1
1041,442,1,23,98,8,71,14,0,2,6,0,0,1,1,0,0,2
1042,442,1,23,120,14,107,26,1,4,9,1,0,0,1,1,1,2
1043,442,1,23,128,6,35,15,0,0,2,1,0,0,0,0,0,0
1044,442,1,23,137,7,35,12,0,3,3,0,0,1,0,0,0,1
1045,442,1,23,140,10,73,40,0,4,2,1,1,1,0,0,0,1
1046,442,1,23,144,7,106,52,1,1,3,1,1,1,0,0,1,1
1047,442,1,23,170,7,29,13,0,0,4,0,0,1,0,0,0,1
1048,443,2,24,97,7,35,14,0,4,4,0,0,2,0,0,0,2
1049,443,2,24,174,7,15,7,0,4,3,0,0,0,0,0,0,0
1050,443,2,24,175,6,14,8,0,2,4,0,0,0,0,0,0,0
1051,443,2,24,176,6,20,6,0,4,2,0,0,0,0,0,0,0
1052,443,2,24,177,3,11,4,0,3,0,0,0,0,0,0,0,0
1053,446,2,24,97,9,62,27,0,4,4,1,0,1,0,0,0,1
1054,446,2,24,102,7,23,6,0,4,3,0,0,0,0,0,0,0
1055,446,2,24,162,13,51,12,0,9,4,0,0,1,0,0,0,1
1056,446,2,24,171,5,60,47,0,2,2,0,1,1,0,0,0,1
1057,446,2,24,172,2,3,4,0,2,0,0,0,1,0,0,0,1
1058,446,2,24,174,22,44,5,0,20,2,0,0,1,3,1,0,5
1059,446,2,24,175,10,35,7,0,7,3,0,0,0,2,0,0,2
1060,446,2,24,176,12,54,30,1,9,2,0,1,1,0,1,0,2
1061,446,2,24,177,6,25,8,0,3,3,0,0,0,0,0,0,0
1062,448,3,24,172,1,4,4,0,1,0,0,0,0,0,0,0,0
1063,448,3,24,173,1,-8,-8,0,0,1,0,0,0,0,0,0,0
1064,453,2,24,86,6,34,17,0,4,1,1,0,0,0,0,0,0
1065,453,2,24,97,3,10,10,0,2,1,0,0,0,1,0,0,1
1066,453,2,24,102,10,26,8,1,7,3,0,0,1,1,2,1,4
1067,453,2,24,113,7,33,14,0,4,3,0,0,0,1,0,0,1
1068,453,2,24,162,3,12,8,0,2,1,0,0,0,0,0,0,0
1069,453,2,24,171,7,61,38,0,4,2,0,1,1,1,0,0,2
1070,453,2,24,172,12,24,11,0,11,1,0,0,4,2,0,0,6
1071,453,2,24,173,10,49,10,0,5,5,0,0,0,1,2,0,3
1072,453,2,24,176,10,32,7,1,6,4,0,0,1,0,3,1,4
1073,453,2,24,177,21,70,8,0,15,6,0,0,5,0,0,0,5
1074,454,1,24,86,5,24,8,0,2,3,0,0,1,0,0,0,1
1075,454,1,24,113,1,3,3,0,1,0,0,0,0,0,0,0,0
1076,454,1,24,171,6,19,8,1,1,3,0,0,1,0,1,1,2
1077,454,1,24,172,4,6,4,0,3,0,0,0,1,0,0,0,1
1078,455,1,24,97,2,3,2,0,2,0,0,0,0,0,0,0,0
1079,455,1,24,162,1,-1,-1,0,0,0,0,0,0,0,0,0,0
1080,455,1,24,173,1,0,0,0,0,0,0,0,0,0,0,0,0
1081,455,1,24,174,2,6,7,0,0,0,0,0,0,0,0,0,0
1082,455,1,24,175,2,2,3,0,1,0,0,0,0,1,0,0,1
1083,455,1,24,176,1,10,10,0,0,1,0,0,0,0,0,0,0
1084,457,2,24,86,10,25,6,0,8,2,0,0,0,0,0,0,0
1085,457,2,24,102,6,19,12,0,4,3,0,0,0,0,0,0,0
1086,457,2,24,113,15,60,22,0,11,4,1,0,2,0,0,0,2
1087,457,2,24,162,1,53,53,0,0,0,0,1,0,0,0,0,0
1088,457,2,24,171,15,53,13,0,9,6,0,0,0,0,0,0,0
1089,457,2,24,172,12,69,47,0,9,2,0,1,1,0,0,0,1
1090,457,2,24,173,10,8,2,0,10,0,0,0,0,0,0,0,0
1091,458,2,24,86,1,4,4,0,1,0,0,0,1,0,0,0,1
1092,458,2,24,97,1,1,1,0,1,0,0,0,1,0,0,0,1
1093,458,2,24,162,1,3,3,0,1,0,0,0,1,0,0,0,1
1094,458,2,24,172,2,7,4,0,2,0,0,0,1,0,0,0,1
1095,458,2,24,174,1,2,2,1,1,0,0,0,0,0,1,1,1
1096,460,3,24,175,1,3,3,0,1,0,0,0,0,0,0,0,0
1097,468,2,25,23,2,4,3,0,2,0,0,0,0,0,0,0,0
1098,469,3,25,65,1,4,4,0,1,0,0,0,0,0,0,0,0
1099,469,3,25,180,1,-8,-8,0,0,1,0,0,0,0,0,0,0
1100,472,2,25,23,12,59,22,0,7,4,1,0,0,1,0,0,1
1101,472,2,25,28,12,64,21,2,10,1,2,0,0,1,4,2,5
1102,472,2,25,65,14,78,30,0,7,6,0,1,1,1,0,0,2
1103,472,2,25,89,11,49,14,1,4,7,0,0,1,1,2,1,4
1104,472,2,25,92,15,108,24,0,7,5,3,0,1,0,1,0,2
1105,472,2,25,99,11,59,13,0,5,8,0,0,2,2,1,0,5
1106,472,2,25,172,11,46,7,0,6,5,0,0,0,0,0,0,0
1107,472,2,25,175,15,86,33,0,8,6,0,1,3,1,0,0,4
1108,472,2,25,178,14,53,14,1,7,7,0,0,1,0,1,1,2
1109,472,2,25,179,18,61,9,1,14,4,0,0,2,3,2,1,7
1110,472,2,25,180,4,10,5,0,2,2,0,0,0,0,0,0,0
1111,472,2,25,181,13,56,13,1,8,5,0,0,1,2,1,1,4
1112,473,1,25,28,2,-2,-1,0,0,0,0,0,0,0,0,0,0
1113,474,2,25,99,24,134,15,1,11,12,1,0,2,3,1,1,6
1114,474,2,25,172,1,4,4,0,1,0,0,0,0,0,0,0,0
1115,474,2,25,178,6,10,5,0,5,1,0,0,2,0,3,0,5
1116,477,1,25,23,4,15,8,1,1,2,0,0,0,0,1,1,1
1117,477,1,25,28,5,35,18,0,0,2,1,0,0,0,0,0,0
1118,477,1,25,65,5,48,30,0,0,3,0,1,0,0,0,0,0
1119,477,1,25,89,4,47,22,0,1,3,1,0,0,0,0,0,0
1120,477,1,25,92,1,9,9,0,0,1,0,0,1,0,0,0,1
1121,477,1,25,99,3,-2,0,0,0,0,0,0,0,0,0,0,0
1122,477,1,25,172,4,11,6,0,2,2,0,0,0,0,0,0,0
1123,477,1,25,175,4,16,15,0,3,0,1,0,1,0,0,0,1
1124,477,1,25,178,3,49,40,0,1,1,0,1,0,0,0,0,0
1125,477,1,25,179,6,48,30,0,1,2,0,1,0,0,0,0,0
1126,477,1,25,180,2,0,3,0,2,0,0,0,0,0,0,0,0
1127,477,1,25,181,4,13,10,0,1,2,0,0,1,0,0,0,1
1128,478,2,25,23,3,19,10,1,0,0,0,0,0,0,0,0,0
1129,478,2,25,28,5,35,15,0,0,0,0,0,0,0,0,0,0
1130,478,2,25,65,4,18,9,0,0,0,0,0,0,0,0,0,0
1131,478,2,25,89,9,8,5,0,0,0,0,0,0,0,0,0,0
1132,478,2,25,92,2,15,10,0,0,0,0,0,0,0,0,0,0
1133,478,2,25,175,5,23,7,0,0,0,0,0,0,0,0,0,0
1134,478,2,25,179,7,25,11,0,0,0,0,0,0,0,0,0,0
1135,478,2,25,180,5,14,7,0,0,0,0,0,0,0,0,0,0
1136,478,2,25,181,1,5,5,0,0,0,0,0,0,0,0,0,0
1137,479,3,25,28,1,0,0,0,2,0,0,0,1,0,0,0,1
1138,479,3,25,92,1,12,12,0,0,1,0,0,0,0,0,0,0
1139,479,3,25,179,1,4,4,0,1,0,0,0,0,0,0,0,0
1140,480,2,25,28,6,23,12,0,0,0,0,0,0,0,0,0,0
1141,480,2,25,89,11,28,9,0,0,0,0,0,0,0,0,0,0
1142,480,2,25,92,1,-3,-3,0,0,0,0,0,0,0,0,0,0
1143,480,2,25,172,5,19,7,0,0,0,0,0,0,0,0,0,0
1144,480,2,25,179,1,-1,-1,0,0,0,0,0,0,0,0,0,0
1145,480,2,25,180,7,34,19,0,0,0,0,0,0,0,0,0,0
1146,482,2,26,176,1,13,13,0,0,1,0,0,0,0,0,0,0
1147,482,2,26,181,1,2,2,0,1,0,0,0,0,0,0,0,0
1148,490,3,26,96,1,8,8,0,0,1,0,0,0,0,0,0,0
1149,490,3,26,174,4,28,9,0,0,4,0,0,1,0,0,0,1
1150,490,3,26,181,6,27,9,0,4,2,0,0,0,0,0,0,0
1151,490,3,26,185,6,33,13,0,3,3,0,0,0,0,1,0,1
1152,491,2,26,17,8,7,5,0,7,1,0,0,0,1,1,0,2
1153,491,2,26,25,10,102,71,1,5,4,0,1,3,0,0,0,3
1154,491,2,26,87,9,44,11,0,4,4,0,0,1,0,0,0,1
1155,491,2,26,96,8,22,6,0,7,1,0,0,0,0,1,0,1
1156,491,2,26,103,21,107,16,1,13,6,2,0,3,1,1,1,5
1157,491,2,26,174,13,43,9,2,10,4,0,0,0,0,2,2,2
1158,491,2,26,176,7,31,17,0,5,1,1,0,0,0,0,0,0
1159,491,2,26,181,16,62,11,0,9,7,0,0,0,0,0,0,0
1160,491,2,26,182,13,44,9,1,10,3,0,0,1,0,2,1,3
1161,491,2,26,183,10,44,17,0,7,3,1,0,2,1,0,0,3
1162,491,2,26,184,17,84,17,0,8,8,1,0,2,1,0,0,3
1163,491,2,26,185,14,51,12,0,8,6,0,0,1,0,2,0,3
1164,492,2,26,17,3,9,4,0,3,0,0,0,0,0,0,0,0
1165,492,2,26,25,13,68,11,0,7,6,0,0,0,0,1,0,1
1166,492,2,26,87,7,24,7,0,8,1,0,0,0,0,0,0,0
1167,492,2,26,96,11,69,21,0,6,3,1,0,1,1,0,0,2
1168,492,2,26,103,13,61,15,0,6,6,1,0,0,0,0,0,0
1169,492,2,26,174,3,7,5,0,2,1,0,0,0,0,0,0,0
1170,492,2,26,176,7,40,15,0,3,3,1,0,1,0,0,0,1
1171,492,2,26,181,17,105,47,0,13,3,0,1,1,0,0,0,1
1172,492,2,26,182,12,21,8,0,10,2,0,0,1,0,0,0,1
1173,492,2,26,183,10,34,6,0,8,2,0,0,0,0,0,0,0
1174,492,2,26,184,6,44,35,1,4,1,0,1,0,0,0,0,0
1175,492,2,26,185,7,23,4,0,7,0,0,0,0,0,0,0,0
1176,493,3,26,181,2,38,20,0,0,0,2,0,0,0,0,0,0
1177,493,3,26,182,0,37,37,0,1,0,0,0,0,0,0,0,0
1178,495,2,26,17,2,4,4,0,2,0,0,0,0,0,0,0,0
1179,495,2,26,25,1,4,4,0,1,0,0,0,0,0,0,0,0
1180,495,2,26,87,2,6,5,0,1,1,0,0,0,0,0,0,0
1181,495,2,26,96,5,20,12,0,3,2,0,0,0,0,1,0,1
1182,495,2,26,103,1,7,7,0,0,1,0,0,0,0,0,0,0
1183,495,2,26,174,4,28,15,1,2,1,1,0,0,0,1,1,1
1184,495,2,26,181,2,4,5,0,1,1,0,0,0,0,0,0,0
1185,495,2,26,182,4,16,11,0,3,1,0,0,0,0,1,0,1
1186,495,2,26,183,2,13,7,0,0,2,0,0,0,0,0,0,0
1187,495,2,26,185,1,4,4,0,1,0,0,0,0,0,0,0,0
1188,497,3,26,181,1,20,20,1,0,0,1,0,1,0,0,1,1
1189,498,1,26,96,1,2,2,0,1,0,0,0,0,0,0,0,0
1190,499,1,26,17,2,11,11,0,1,0,0,0,0,0,0,0,0
1191,499,1,26,25,10,38,17,0,6,2,1,0,1,0,1,0,2
1192,499,1,26,87,1,3,3,0,0,0,0,0,0,0,0,0,0
1193,499,1,26,103,7,37,10,0,1,4,0,0,1,0,0,0,1
1194,499,1,26,174,1,0,0,0,1,0,0,0,0,0,0,0,0
1195,499,1,26,176,2,4,4,0,2,0,0,0,0,0,0,0,0
1196,499,1,26,181,4,19,13,0,1,1,0,0,0,0,0,0,0
1197,499,1,26,182,7,26,9,1,2,3,0,0,0,0,1,1,1
1198,499,1,26,183,3,20,11,0,1,2,0,0,0,0,1,0,1
1199,499,1,26,184,4,4,2,0,3,0,0,0,0,0,0,0,0
1200,502,1,26,87,2,14,13,0,2,1,0,0,2,0,0,0,2
1201,502,1,26,96,4,18,6,0,0,3,0,0,0,0,0,0,0
1202,502,1,26,103,1,6,6,0,0,1,0,0,0,0,0,0,0
1203,502,1,26,174,8,69,24,0,2,6,1,0,1,1,0,0,2
1204,502,1,26,176,2,4,3,0,2,0,0,0,0,1,0,0,1
1205,502,1,26,183,1,3,3,0,1,0,0,0,0,0,0,0,0
1206,502,1,26,185,8,39,18,0,1,3,1,0,1,0,0,0,1
1207,505,3,27,3,1,-2,-2,0,1,0,0,0,0,0,0,0,0
1208,505,3,27,186,1,10,10,0,0,1,0,0,0,0,0,0,0
1209,505,3,27,187,1,3,3,0,1,0,0,0,0,0,0,0,0
1210,507,2,27,3,11,55,22,1,5,5,1,0,1,0,0,1,1
1211,507,2,27,31,1,1,1,0,1,0,0,0,0,0,0,0,0
1212,507,2,27,64,7,18,11,0,4,3,0,0,0,0,0,0,0
1213,507,2,27,108,6,19,11,0,4,2,0,0,0,0,0,0,0
1214,507,2,27,115,14,61,35,0,11,3,0,1,1,0,0,0,1
1215,507,2,27,158,12,88,26,2,5,5,2,0,2,1,0,1,3
1216,507,2,27,165,11,54,17,0,6,4,1,0,0,0,0,0,0
1217,507,2,27,177,17,29,11,0,14,3,0,0,0,1,0,0,1
1218,507,2,27,186,5,32,16,2,3,0,2,0,2,0,1,2,3
1219,507,2,27,187,11,77,24,1,5,4,1,0,0,0,1,1,1
1220,507,2,27,188,12,41,6,1,10,5,0,0,0,1,1,1,2
1221,510,3,27,3,2,-2,8,0,0,2,0,0,0,0,0,0,0
1222,510,3,27,186,1,8,8,0,0,1,0,0,1,0,0,0,1
1223,512,3,27,64,1,8,8,0,0,2,0,0,0,0,0,0,0
1224,513,1,27,3,3,-2,3,0,1,1,0,0,0,1,0,0,1
1225,513,1,27,31,2,1,2,0,0,0,0,0,0,0,0,0,0
1226,513,1,27,64,1,-1,-1,0,0,0,0,0,0,0,0,0,0
1227,513,1,27,108,1,2,2,0,1,0,0,0,0,0,0,0,0
1228,513,1,27,115,2,1,2,0,2,1,0,0,1,0,0,0,1
1229,513,1,27,149,2,5,3,0,2,1,0,0,0,0,0,0,0
1230,513,1,27,158,3,12,9,0,1,1,0,0,0,0,0,0,0
1231,513,1,27,186,1,-2,-2,0,1,0,0,0,0,0,1,0,1
1232,513,1,27,187,1,0,0,0,0,0,0,0,0,0,0,0,0
1233,513,1,27,188,4,1,3,0,3,0,0,0,1,0,1,0,2
1234,514,1,27,177,2,13,10,1,1,1,0,0,0,1,0,1,1
1235,518,2,27,3,12,36,8,1,9,3,0,0,1,3,1,1,5
1236,518,2,27,31,7,11,7,0,5,2,0,0,0,1,0,0,1
1237,518,2,27,64,5,8,4,0,5,0,0,0,1,0,0,0,1
1238,518,2,27,108,7,31,9,0,3,4,0,0,1,0,0,0,1
1239,518,2,27,115,5,12,7,0,4,1,0,0,1,0,0,0,1
1240,518,2,27,149,15,48,10,0,10,5,0,0,1,0,2,0,3
1241,518,2,27,158,14,62,20,0,12,1,1,0,2,0,0,0,2
1242,518,2,27,165,19,68,15,1,15,3,1,0,1,2,1,1,4
1243,518,2,27,177,7,32,18,0,8,1,1,0,1,1,0,0,2
1244,518,2,27,186,16,100,29,0,9,5,2,0,1,0,0,0,1
1245,518,2,27,188,26,94,14,1,17,9,0,0,2,1,2,1,5
1246,520,3,28,9,1,4,4,0,1,0,0,0,0,0,0,0,0
1247,520,3,28,62,1,2,2,0,1,0,0,0,0,0,0,0,0
1248,520,3,28,114,2,7,9,0,1,1,0,0,0,0,0,0,0
1249,520,3,28,169,1,0,0,0,1,0,0,0,0,0,0,0,0
1250,520,3,28,186,1,4,4,0,1,0,0,0,0,0,0,0,0
1251,520,3,28,187,3,24,15,0,1,1,0,0,0,0,0,0,0
1252,521,2,28,2,11,59,21,0,7,2,2,0,0,0,0,0,0
1253,521,2,28,9,10,20,5,0,7,3,0,0,1,0,0,0,1
1254,521,2,28,62,15,82,29,0,8,6,1,0,0,0,0,0,0
1255,521,2,28,72,24,92,17,0,18,5,1,0,2,1,1,0,4
1256,521,2,28,110,33,204,27,1,13,18,2,0,2,1,1,1,4
1257,521,2,28,114,12,57,20,0,6,5,1,0,0,0,0,0,0
1258,521,2,28,124,21,147,81,0,14,6,0,1,3,1,1,0,5
1259,521,2,28,146,19,63,16,0,14,4,2,0,0,1,0,0,1
1260,521,2,28,169,21,95,18,1,14,5,2,0,1,0,1,1,2
1261,521,2,28,185,11,36,8,0,8,3,0,0,3,0,1,0,4
1262,521,2,28,186,21,109,38,1,14,6,0,1,2,0,2,0,4
1263,521,2,28,187,18,82,12,0,11,7,0,0,1,1,2,0,4
1264,522,3,28,2,2,10,9,0,1,1,0,0,0,1,0,0,1
1265,522,3,28,72,1,5,5,0,0,1,0,0,0,0,0,0,0
1266,522,3,28,187,1,-2,-2,0,1,0,0,0,0,0,0,0,0
1267,524,3,28,9,1,3,3,0,1,0,0,0,0,0,0,0,0
1268,525,1,28,124,2,-2,-1,0,0,0,0,0,0,0,0,0,0
1269,532,1,28,9,2,1,1,0,1,0,0,0,0,0,0,0,0
1270,532,1,28,62,3,-2,0,0,0,0,0,0,0,0,0,0,0
1271,532,1,28,72,1,-1,-1,0,1,0,0,0,0,0,0,0,0
1272,532,1,28,110,3,2,4,0,1,0,0,0,0,0,0,0,0
1273,532,1,28,114,4,3,5,0,0,1,0,0,0,0,0,0,0
1274,532,1,28,124,1,1,1,0,1,0,0,0,0,1,0,0,1
1275,532,1,28,146,2,4,2,0,2,0,0,0,0,0,0,0,0
1276,532,1,28,169,1,8,8,0,0,1,0,0,0,0,0,0,0
1277,532,1,28,185,1,0,0,0,0,0,0,0,0,0,0,0,0
1278,532,1,28,186,3,8,7,0,1,1,0,0,0,0,0,0,0
1279,532,1,28,187,1,7,7,0,0,1,0,0,0,0,0,0,0
1280,535,3,28,2,2,22,12,0,0,1,0,0,0,0,0,0,0
1281,535,3,28,9,1,4,4,0,1,0,0,0,0,0,0,0,0
1282,535,3,28,146,1,-7,-7,0,0,1,0,0,0,0,0,0,0
1283,536,2,29,1,14,48,16,0,10,3,1,0,1,2,0,0,3
1284,536,2,29,8,16,45,8,1,12,4,0,0,2,1,4,1,7
1285,536,2,29,71,7,17,6,0,6,1,0,0,0,0,0,0,0
1286,536,2,29,101,13,62,13,0,7,6,0,0,1,2,0,0,3
1287,536,2,29,107,14,47,12,2,9,5,0,0,2,0,3,2,5
1288,536,2,29,116,17,45,19,0,14,2,1,0,2,1,0,0,3
1289,536,2,29,126,18,137,89,1,14,3,0,1,3,0,0,0,3
1290,536,2,29,152,10,49,15,0,6,3,1,0,2,0,0,0,2
1291,536,2,29,154,27,90,12,1,21,6,0,0,0,2,2,1,4
1292,538,2,29,168,2,1,1,0,2,0,0,0,0,0,0,0,0
1293,538,2,29,188,4,12,7,0,2,2,0,0,0,0,0,0,0
1294,540,1,29,1,6,3,3,0,4,0,0,0,0,0,1,0,1
1295,540,1,29,8,6,14,5,2,3,2,0,0,0,0,2,2,2
1296,540,1,29,66,2,11,8,0,1,0,0,0,0,0,0,0,0
1297,540,1,29,71,1,0,0,0,1,0,0,0,0,0,0,0,0
1298,540,1,29,101,2,16,12,0,1,1,0,0,0,0,0,0,0
1299,540,1,29,107,3,3,3,0,2,0,0,0,0,1,0,0,1
1300,540,1,29,116,7,6,3,0,5,0,0,0,1,0,0,0,1
1301,540,1,29,126,4,25,20,0,2,1,0,0,1,0,0,0,1
1302,540,1,29,152,3,7,5,1,1,1,0,0,0,0,1,1,1
1303,540,1,29,154,3,6,4,0,1,0,0,0,1,0,0,0,1
1304,540,1,29,168,5,12,11,0,1,0,0,0,0,0,0,0,0
1305,540,1,29,188,3,8,4,0,2,0,0,0,0,0,0,0,0
1306,542,3,29,1,1,5,5,0,0,1,0,0,0,0,0,0,0
1307,542,3,29,66,1,-3,-3,0,2,0,0,0,0,1,0,0,1
1308,545,2,29,1,4,19,8,0,3,1,0,0,0,0,0,0,0
1309,545,2,29,8,10,25,5,0,9,1,0,0,0,1,2,0,3
1310,545,2,29,66,24,154,60,2,16,6,4,1,0,0,2,1,2
1311,545,2,29,71,4,15,11,0,3,1,0,0,1,1,0,0,2
1312,545,2,29,101,2,1,5,0,1,1,0,0,0,0,0,0,0
1313,545,2,29,107,7,39,12,1,3,4,0,0,0,0,1,1,1
1314,545,2,29,116,18,87,30,1,14,3,0,1,1,0,3,1,4
1315,545,2,29,126,8,22,5,1,7,1,0,0,0,1,1,1,2
1316,545,2,29,152,13,40,12,0,8,5,0,0,0,0,0,0,0
1317,545,2,29,154,15,74,13,1,6,9,0,0,2,1,2,1,5
1318,545,2,29,168,27,152,62,0,20,5,1,1,4,0,1,0,5
1319,545,2,29,188,12,55,13,0,7,6,0,0,1,0,0,0,1
1320,550,2,29,66,5,9,4,0,5,0,0,0,1,0,0,0,1
1321,550,2,29,107,5,15,4,0,5,0,0,0,0,0,0,0,0
1322,550,2,29,168,2,21,21,0,1,0,1,0,0,0,0,0,0
1323,550,2,29,188,2,-2,1,0,2,0,0,0,0,0,0,0,0
1324,551,3,29,1,1,4,4,0,1,0,0,0,0,0,0,0,0
1325,551,3,29,8,2,27,26,0,1,0,1,0,0,0,0,0,0
1326,551,3,29,66,1,9,9,0,1,1,0,0,0,1,0,0,1
1327,551,3,29,116,1,1,1,0,1,0,0,0,0,0,0,0,0
1328,551,3,29,152,1,10,10,0,0,1,0,0,0,0,0,0,0
1329,554,3,29,101,1,0,0,0,1,0,0,0,0,0,0,0,0
1330,554,3,29,107,1,12,12,0,0,1,0,0,0,0,0,0,0
1331,554,3,29,126,1,9,9,0,0,0,0,0,0,0,0,0,0
1332,555,3,29,66,1,11,11,0,0,1,0,0,0,0,0,0,0
1333,555,3,29,152,1,6,6,0,0,1,0,0,0,0,0,0,0
1334,555,3,29,188,1,13,13,0,0,1,0,0,0,0,0,0,0
1335,558,2,30,104,6,33,13,0,3,3,0,0,0,0,0,0,0
1336,558,2,30,125,2,2,2,0,2,0,0,0,0,0,0,0,0
1337,558,2,30,151,3,3,3,0,3,0,0,0,0,0,0,0,0
1338,558,2,30,156,4,19,15,0,3,0,1,0,0,0,0,0,0
1339,558,2,30,171,1,4,4,0,1,0,0,0,0,0,0,0,0
1340,558,2,30,183,1,0,0,0,1,0,0,0,0,0,0,0,0
1341,558,2,30,189,14,72,13,0,8,6,0,0,1,0,0,0,1
1342,558,2,30,190,2,13,8,0,0,2,0,0,0,0,0,0,0
1343,558,2,30,191,2,8,5,0,1,1,0,0,0,0,0,0,0
1344,560,1,30,104,1,6,6,0,0,0,0,0,0,0,0,0,0
1345,560,1,30,125,3,22,13,1,0,2,0,0,0,1,0,1,1
1346,560,1,30,132,5,25,25,0,1,0,1,0,0,0,0,0,0
1347,560,1,30,156,6,4,9,0,0,3,0,0,0,0,0,0,0
1348,560,1,30,163,5,21,11,0,2,2,0,0,0,0,1,0,1
1349,560,1,30,179,2,3,3,0,1,0,0,0,0,0,0,0,0
1350,560,1,30,183,5,14,16,0,1,0,0,0,0,0,0,0,0
1351,560,1,30,189,3,29,15,0,1,1,0,0,0,0,0,0,0
1352,560,1,30,190,2,0,1,0,1,0,0,0,0,0,0,0,0
1353,560,1,30,191,1,-1,-1,0,0,0,0,0,0,0,0,0,0
1354,561,2,30,104,19,114,19,0,9,9,1,0,0,0,0,0,0
1355,561,2,30,125,17,61,15,0,12,5,1,0,1,0,0,0,1
1356,561,2,30,132,12,21,7,0,9,3,0,0,0,2,0,0,2
1357,561,2,30,151,23,89,13,2,14,9,0,0,2,2,3,2,7
1358,561,2,30,156,17,80,12,2,10,7,0,0,0,3,0,2,3
1359,561,2,30,163,26,117,32,0,17,7,1,1,2,4,0,0,6
1360,561,2,30,171,17,82,14,0,8,9,0,0,0,0,0,0,0
1361,561,2,30,179,12,49,16,1,10,1,1,0,1,0,3,1,4
1362,561,2,30,183,13,33,8,0,8,4,0,0,1,0,0,0,1
1363,561,2,30,189,23,122,19,0,12,9,2,0,3,0,3,0,6
1364,561,2,30,190,17,54,13,0,12,4,0,0,1,1,0,0,2
1365,561,2,30,191,5,6,3,0,5,0,0,0,0,0,1,0,1
1366,563,3,30,156,2,0,1,0,2,0,0,0,0,0,0,0,0
1367,563,3,30,183,2,13,7,0,0,2,0,0,0,0,0,0,0
1368,563,3,30,189,1,12,12,0,0,2,0,0,0,0,0,0,0
1369,563,3,30,190,1,8,8,0,0,1,0,0,0,0,0,0,0
1370,570,3,30,190,1,-8,-8,0,0,1,0,0,0,0,0,0,0
1371,576,3,31,106,2,8,6,0,1,1,0,0,1,0,0,0,1
1372,576,3,31,127,1,2,2,0,1,0,0,0,0,0,0,0,0
1373,576,3,31,178,1,1,1,0,1,0,0,0,0,0,0,0,0
1374,576,3,31,182,2,6,4,0,2,0,0,0,0,0,0,0,0
1375,579,1,31,45,3,-3,-1,0,0,0,0,0,0,0,0,0,0
1376,579,1,31,127,3,-3,-1,0,0,0,0,0,0,0,0,0,0
1377,579,1,31,160,1,-1,-1,0,0,0,0,0,0,0,0,0,0
1378,580,2,31,127,2,-1,0,0,2,0,0,0,0,0,0,0,0
1379,580,2,31,167,2,4,4,0,2,0,0,0,0,0,0,0,0
1380,580,2,31,170,1,7,7,0,0,1,0,0,0,0,0,0,0
1381,580,2,31,190,8,52,12,0,3,4,0,0,0,1,0,0,1
1382,580,2,31,192,3,2,4,0,3,0,0,0,0,0,0,0,0
1383,582,2,31,45,10,69,37,1,4,4,0,1,1,0,0,0,1
1384,582,2,31,106,21,98,24,0,16,3,2,0,3,1,0,0,4
1385,582,2,31,127,12,63,11,1,6,7,0,0,1,0,1,1,2
1386,582,2,31,160,13,105,29,2,5,6,2,0,4,1,0,2,5
1387,582,2,31,164,25,125,16,1,14,9,2,0,1,0,1,1,2
1388,582,2,31,167,13,59,19,0,8,4,1,0,1,1,1,0,3
1389,582,2,31,170,12,34,15,0,10,1,1,0,0,1,0,0,1
1390,582,2,31,178,14,40,10,0,11,3,0,0,1,0,0,0,1
1391,582,2,31,182,13,43,10,0,9,4,0,0,0,0,1,0,1
1392,582,2,31,189,17,48,10,1,13,4,0,0,3,0,3,1,6
1393,582,2,31,190,14,50,16,0,10,3,1,0,2,1,0,0,3
1394,582,2,31,192,11,36,17,0,7,3,1,0,1,0,0,0,1
1395,586,1,31,45,3,32,16,0,0,0,2,0,0,0,0,0,0
1396,586,1,31,106,5,22,17,0,0,0,1,0,0,0,0,0,0
1397,586,1,31,127,3,21,16,0,1,0,0,0,0,0,0,0,0
1398,586,1,31,164,6,34,18,0,1,0,2,0,0,0,0,0,0
1399,586,1,31,167,2,21,14,1,0,1,0,0,1,0,0,1,1
1400,586,1,31,178,7,34,9,0,2,4,0,0,1,0,0,0,1
1401,586,1,31,182,6,28,11,0,0,3,0,0,1,0,0,0,1
1402,586,1,31,189,1,8,8,0,0,1,0,0,0,0,0,0,0
1403,588,2,31,45,8,9,7,0,7,1,0,0,2,0,0,0,2
1404,588,2,31,106,1,2,2,0,1,0,0,0,0,0,0,0,0
1405,588,2,31,127,7,36,14,1,3,4,0,0,1,0,0,1,1
1406,588,2,31,160,12,46,17,0,8,1,1,0,0,0,0,0,0
1407,588,2,31,164,1,-4,-4,0,2,0,0,0,0,0,0,0,0
1408,588,2,31,167,2,5,3,0,2,0,0,0,0,0,0,0,0
1409,588,2,31,170,7,37,12,0,3,4,0,0,1,1,0,0,2
1410,588,2,31,178,8,31,12,0,5,3,0,0,1,0,0,0,1
1411,588,2,31,190,5,10,6,0,4,1,0,0,0,0,0,0,0
1412,588,2,31,192,8,38,15,0,6,1,1,0,1,0,0,0,1
1413,590,2,32,105,19,48,6,0,15,4,0,0,0,0,1,0,1
1414,590,2,32,117,15,51,12,1,12,5,0,0,3,0,1,1,4
1415,590,2,32,123,10,36,12,0,8,3,0,0,0,0,0,0,0
1416,590,2,32,139,14,85,33,0,10,2,1,1,2,0,0,0,2
1417,590,2,32,157,14,39,9,0,10,4,0,0,0,1,2,0,3
1418,590,2,32,161,18,74,13,1,11,7,0,0,1,2,1,1,4
1419,590,2,32,166,18,48,11,1,13,5,0,0,4,2,2,1,8
1420,590,2,32,180,10,44,16,0,6,3,1,0,1,0,0,0,1
1421,590,2,32,184,8,32,17,0,5,2,1,0,0,0,1,0,1
1422,590,2,32,191,23,91,22,2,16,6,1,0,3,0,3,2,6
1423,590,2,32,192,15,33,5,0,12,3,0,0,0,1,0,0,1
1424,592,2,32,117,9,15,6,0,8,1,0,0,2,0,0,0,2
1425,592,2,32,123,6,26,8,0,3,3,0,0,0,1,0,0,1
1426,592,2,32,166,4,10,5,0,3,1,0,0,0,0,0,0,0
1427,592,2,32,173,6,13,5,0,5,1,0,0,1,0,0,0,1
1428,592,2,32,180,4,20,8,0,1,3,0,0,1,1,0,0,2
1429,592,2,32,184,12,46,16,0,8,3,1,0,0,0,0,0,0
1430,592,2,32,192,12,61,26,1,7,4,1,0,1,1,0,0,2
1431,603,2,32,105,2,12,9,0,1,1,0,0,0,0,0,0,0
1432,603,2,32,117,1,4,4,0,1,0,0,0,1,0,0,0,1
1433,603,2,32,123,1,0,0,0,1,0,0,0,0,0,0,0,0
1434,603,2,32,139,2,2,2,0,2,0,0,0,0,0,0,0,0
1435,603,2,32,157,3,5,5,0,2,1,0,0,0,1,0,0,1
1436,603,2,32,161,3,6,3,0,3,0,0,0,0,0,0,0,0
1437,603,2,32,180,3,0,3,0,3,0,0,0,0,0,1,0,1
1438,603,2,32,184,1,2,2,0,1,0,0,0,0,0,0,0,0
1439,603,2,32,192,3,16,6,0,0,3,0,0,0,0,0,0,0
1440,604,3,32,192,1,-5,-5,0,0,1,0,0,0,0,0,0,0
1441,605,1,32,105,3,18,10,0,0,2,0,0,0,0,0,0,0
1442,605,1,32,117,4,2,5,1,0,1,0,0,0,0,1,1,1
1443,605,1,32,123,1,8,8,0,0,1,0,0,0,0,0,0,0
1444,605,1,32,157,3,9,10,0,1,1,0,0,0,0,0,0,0
1445,605,1,32,161,1,1,1,0,1,0,0,0,0,0,0,0,0
1446,605,1,32,166,2,1,2,0,1,0,0,0,0,0,0,0,0
1447,605,1,32,173,3,8,8,0,0,1,0,0,0,0,0,0,0
1448,605,1,32,180,2,-1,0,0,1,0,0,0,0,0,0,0,0
1449,605,1,32,184,6,8,7,1,2,1,0,0,0,0,1,1,1
1450,605,1,32,192,6,8,5,0,2,1,0,0,0,0,0,0,0
1451,606,3,32,105,1,13,13,0,0,1,0,0,0,0,0,0,0
1452,606,3,32,117,1,4,4,0,1,0,0,0,0,0,0,0,0
1453,606,3,32,139,1,8,8,0,0,1,0,0,0,0,0,0,0
1454,607,2,32,157,1,2,2,0,1,0,0,0,0,0,0,0,0
1455,607,2,32,161,5,16,4,0,5,0,0,0,0,1,0,0,1
1456,607,2,32,173,11,48,16,0,6,4,1,0,0,0,0,0,0
